,season,mnth,holiday,weekday,workingday,weathersit,temp,atemp,hum,windspeed,cnt,prediction
0,1,1,0,6,0,2,0.344167,0.363625,0.805833,0.160446,985,2475.518697884526
1,1,1,0,0,0,2,0.363478,0.353739,0.696087,0.248539,801,2092.4125896114915
2,1,1,0,1,1,1,0.196364,0.189405,0.437273,0.248309,1349,1733.0605700398685
3,1,1,0,2,1,1,0.2,0.212122,0.590435,0.160296,1562,1640.2538235275044
4,1,1,0,3,1,1,0.226957,0.22927,0.436957,0.1869,1600,2115.097881410473
5,1,1,0,4,1,1,0.204348,0.233209,0.518261,0.0895652,1606,1964.7558839053797
6,1,1,0,5,1,2,0.196522,0.208839,0.498696,0.168726,1510,1831.81751584554
7,1,1,0,6,0,2,0.165,0.162254,0.535833,0.266804,959,1406.285359317565
8,1,1,0,0,0,1,0.138333,0.116175,0.434167,0.36195,822,1557.3305593674797
9,1,1,0,1,1,1,0.150833,0.150888,0.482917,0.223267,1321,1602.1372603670304
10,1,1,0,2,1,2,0.169091,0.191464,0.686364,0.122132,1263,1270.7784387279773
11,1,1,0,3,1,1,0.172727,0.160473,0.599545,0.304627,1162,1277.276554317762
12,1,1,0,4,1,1,0.165,0.150883,0.470417,0.301,1406,1544.2641327855538
13,1,1,0,5,1,1,0.16087,0.188413,0.537826,0.126548,1421,1515.1512457543338
14,1,1,0,6,0,2,0.233333,0.248112,0.49875,0.157963,1248,2138.117045028322
15,1,1,0,0,0,1,0.231667,0.234217,0.48375,0.188433,1204,2050.0260775479624
16,1,1,1,1,0,2,0.175833,0.176771,0.5375,0.194017,1000,1510.1942003080253
17,1,1,0,2,1,2,0.216667,0.232333,0.861667,0.146775,683,1348.180673463791
18,1,1,0,3,1,2,0.292174,0.298422,0.741739,0.208317,1650,2096.593095669095
19,1,1,0,4,1,2,0.261667,0.25505,0.538333,0.195904,1927,2786.2364948324366
20,1,1,0,5,1,1,0.1775,0.157833,0.457083,0.353242,1543,1587.6629167272897
21,1,1,0,6,0,1,0.0591304,0.0790696,0.4,0.17197,981,1664.7182282068625
22,1,1,0,0,0,1,0.0965217,0.0988391,0.436522,0.2466,986,1562.6522881686494
23,1,1,0,1,1,1,0.0973913,0.11793,0.491739,0.15833,1416,1638.191086676719
24,1,1,0,2,1,2,0.223478,0.234526,0.616957,0.129796,1985,1639.6536278675649
25,1,1,0,3,1,3,0.2175,0.2036,0.8625,0.29385,506,1190.1095124672556
26,1,1,0,4,1,1,0.195,0.2197,0.6875,0.113837,431,1322.3097145556083
27,1,1,0,5,1,2,0.203478,0.223317,0.793043,0.1233,1167,1324.8913947448248
28,1,1,0,6,0,1,0.196522,0.212126,0.651739,0.145365,1098,1321.370582689205
29,1,1,0,0,0,1,0.216522,0.250322,0.722174,0.0739826,1096,1456.7626489632357
30,1,1,0,1,1,2,0.180833,0.18625,0.60375,0.187192,1501,1419.7675065257401
31,1,2,0,2,1,2,0.192174,0.23453,0.829565,0.053213,1360,1339.9649479855655
32,1,2,0,3,1,2,0.26,0.254417,0.775417,0.264308,1526,1634.1237904026311
33,1,2,0,4,1,1,0.186957,0.177878,0.437826,0.277752,1550,1694.8690931219674
34,1,2,0,5,1,2,0.211304,0.228587,0.585217,0.127839,1708,1856.6081114435171
35,1,2,0,6,0,2,0.233333,0.243058,0.929167,0.161079,1005,1483.5412682574533
36,1,2,0,0,0,1,0.285833,0.291671,0.568333,0.1418,1623,2952.1018723213374
37,1,2,0,1,1,1,0.271667,0.303658,0.738333,0.0454083,1712,2147.7117929714086
38,1,2,0,2,1,1,0.220833,0.198246,0.537917,0.36195,1530,1619.7928839002686
39,1,2,0,3,1,2,0.134783,0.144283,0.494783,0.188839,1605,1637.6581483267155
40,1,2,0,4,1,1,0.144348,0.149548,0.437391,0.221935,1538,1652.0162317709785
41,1,2,0,5,1,1,0.189091,0.213509,0.506364,0.10855,1746,1767.9905287675904
42,1,2,0,6,0,1,0.2225,0.232954,0.544167,0.203367,1472,1991.8744097303731
43,1,2,0,0,0,1,0.316522,0.324113,0.457391,0.260883,1589,2829.7902990521998
44,1,2,0,1,1,1,0.415,0.39835,0.375833,0.417908,1913,3665.1676771410366
45,1,2,0,2,1,1,0.266087,0.254274,0.314348,0.291374,1815,2253.5651328455688
46,1,2,0,3,1,1,0.318261,0.3162,0.423478,0.251791,2115,2976.399746735382
47,1,2,0,4,1,1,0.435833,0.428658,0.505,0.230104,2475,4615.62048478344
48,1,2,0,5,1,1,0.521667,0.511983,0.516667,0.264925,2927,5839.770672318203
49,1,2,0,6,0,1,0.399167,0.391404,0.187917,0.507463,1635,3595.908659173555
50,1,2,0,0,0,1,0.285217,0.27733,0.407826,0.223235,1812,2773.2214320845906
51,1,2,1,1,0,2,0.303333,0.284075,0.605,0.307846,1107,2644.1379551913105
52,1,2,0,2,1,1,0.182222,0.186033,0.577778,0.195683,1450,1575.0305944228958
53,1,2,0,3,1,1,0.221739,0.245717,0.423043,0.094113,1917,2191.130710377864
54,1,2,0,4,1,2,0.295652,0.289191,0.697391,0.250496,1807,2107.590779648728
55,1,2,0,5,1,2,0.364348,0.350461,0.712174,0.346539,1461,2181.0361625641453
56,1,2,0,6,0,1,0.2825,0.282192,0.537917,0.186571,1969,3251.36733581683
57,1,2,0,0,0,1,0.343478,0.351109,0.68,0.125248,2402,2479.538750648384
58,1,2,0,1,1,2,0.407273,0.400118,0.876364,0.289686,1446,2119.803650084252
59,1,3,0,2,1,1,0.266667,0.263879,0.535,0.216425,1851,2868.1872756923517
60,1,3,0,3,1,1,0.335,0.320071,0.449583,0.307833,2134,2912.9550765710646
61,1,3,0,4,1,1,0.198333,0.200133,0.318333,0.225754,1685,1867.9527928364312
62,1,3,0,5,1,2,0.261667,0.255679,0.610417,0.203346,1944,2424.783358155035
63,1,3,0,6,0,2,0.384167,0.378779,0.789167,0.251871,2077,2222.8824890236992
64,1,3,0,0,0,2,0.376522,0.366252,0.948261,0.343287,605,2021.2156975965668
65,1,3,0,1,1,1,0.261739,0.238461,0.551304,0.341352,1872,2049.4968101323793
66,1,3,0,2,1,1,0.2925,0.3024,0.420833,0.12065,2133,3091.8804229553266
67,1,3,0,3,1,2,0.295833,0.286608,0.775417,0.22015,1891,2032.0203706671377
68,1,3,0,4,1,3,0.389091,0.385668,0.0,0.261877,623,3459.1769961370155
69,1,3,0,5,1,2,0.316522,0.305,0.649565,0.23297,1977,2316.8774368686936
70,1,3,0,6,0,1,0.329167,0.32575,0.594583,0.220775,2132,2725.2956410646566
71,1,3,0,0,0,1,0.384348,0.380091,0.527391,0.270604,2417,3412.296660717206
72,1,3,0,1,1,1,0.325217,0.332,0.496957,0.136926,2046,3402.9397278808233
73,1,3,0,2,1,2,0.317391,0.318178,0.655652,0.184309,2056,2389.739057130999
74,1,3,0,3,1,2,0.365217,0.36693,0.776522,0.203117,2192,2356.9625606105215
75,1,3,0,4,1,1,0.415,0.410333,0.602917,0.209579,2744,3486.639794326605
76,1,3,0,5,1,1,0.54,0.527009,0.525217,0.231017,3239,6053.3501550849915
77,1,3,0,6,0,1,0.4725,0.466525,0.379167,0.368167,3117,5340.533577740371
78,1,3,0,0,0,1,0.3325,0.32575,0.47375,0.207721,2471,2973.8441668139003
79,2,3,0,1,1,2,0.430435,0.409735,0.737391,0.288783,2077,2772.572289257625
80,2,3,0,2,1,1,0.441667,0.440642,0.624583,0.22575,2703,4636.134326264771
81,2,3,0,3,1,2,0.346957,0.337939,0.839565,0.234261,2121,2081.1339251177383
82,2,3,0,4,1,2,0.285,0.270833,0.805833,0.243787,1865,2168.31166402111
83,2,3,0,5,1,1,0.264167,0.256312,0.495,0.230725,2210,2964.2270653552114
84,2,3,0,6,0,1,0.265833,0.257571,0.394167,0.209571,2496,2994.3085610213543
85,2,3,0,0,0,2,0.253043,0.250339,0.493913,0.1843,1693,2469.6233160963725
86,2,3,0,1,1,1,0.264348,0.257574,0.302174,0.212204,2028,2985.407238078891
87,2,3,0,2,1,1,0.3025,0.292908,0.314167,0.226996,2425,3316.909811836176
88,2,3,0,3,1,2,0.3,0.29735,0.646667,0.172888,1536,2710.4614451081147
89,2,3,0,4,1,3,0.268333,0.257575,0.918333,0.217646,1685,1966.2750624444004
90,2,4,0,5,1,2,0.3,0.283454,0.68625,0.258708,2227,2383.058339778647
91,2,4,0,6,0,2,0.315,0.315637,0.65375,0.197146,2252,2706.8052183799973
92,2,4,0,0,0,1,0.378333,0.378767,0.48,0.182213,3249,4205.658430539055
93,2,4,0,1,1,1,0.573333,0.542929,0.42625,0.385571,3115,5762.266254240282
94,2,4,0,2,1,2,0.414167,0.39835,0.642083,0.388067,1795,3215.336665592654
95,2,4,0,3,1,1,0.390833,0.387608,0.470833,0.263063,2808,4314.365148093381
96,2,4,0,4,1,1,0.4375,0.433696,0.602917,0.162312,3141,4851.379057449227
97,2,4,0,5,1,2,0.335833,0.324479,0.83625,0.226992,1471,2076.741026980764
98,2,4,0,6,0,2,0.3425,0.341529,0.8775,0.133083,2455,2520.6045531548843
99,2,4,0,0,0,2,0.426667,0.426737,0.8575,0.146767,2895,3197.3853033941496
100,2,4,0,1,1,2,0.595652,0.565217,0.716956,0.324474,3348,4633.309971700981
101,2,4,0,2,1,2,0.5025,0.493054,0.739167,0.274879,2034,4227.823818700859
102,2,4,0,3,1,2,0.4125,0.417283,0.819167,0.250617,2162,2266.0888632963456
103,2,4,0,4,1,1,0.4675,0.462742,0.540417,0.1107,3267,5812.273865761332
104,2,4,1,5,0,1,0.446667,0.441913,0.67125,0.226375,3126,4730.21332958584
105,2,4,0,6,0,3,0.430833,0.425492,0.888333,0.340808,795,2366.825867841678
106,2,4,0,0,0,1,0.456667,0.445696,0.479583,0.303496,3744,5201.67307467914
107,2,4,0,1,1,1,0.5125,0.503146,0.5425,0.163567,3429,5756.540771106172
108,2,4,0,2,1,2,0.505833,0.489258,0.665833,0.157971,3204,4979.377290075359
109,2,4,0,3,1,1,0.595,0.564392,0.614167,0.241925,3944,5631.066894468853
110,2,4,0,4,1,1,0.459167,0.453892,0.407083,0.325258,4189,5195.665454840103
111,2,4,0,5,1,2,0.336667,0.321954,0.729583,0.219521,1683,2334.0922080853525
112,2,4,0,6,0,2,0.46,0.450121,0.887917,0.230725,4036,3143.2010190906026
113,2,4,0,0,0,2,0.581667,0.551763,0.810833,0.192175,4191,4631.360225650051
114,2,4,0,1,1,1,0.606667,0.5745,0.776667,0.185333,4073,4847.920438903872
115,2,4,0,2,1,1,0.631667,0.594083,0.729167,0.3265,4400,4884.684187309744
116,2,4,0,3,1,2,0.62,0.575142,0.835417,0.3122,3872,4104.026484031612
117,2,4,0,4,1,2,0.6175,0.578929,0.700833,0.320908,4058,4985.082688203783
118,2,4,0,5,1,1,0.51,0.497463,0.457083,0.240063,4595,5582.346373900106
119,2,4,0,6,0,1,0.4725,0.464021,0.503333,0.235075,5312,5576.736238921007
120,2,5,0,0,0,2,0.451667,0.448204,0.762083,0.106354,3351,4791.038748074363
121,2,5,0,1,1,2,0.549167,0.532833,0.73,0.183454,4401,4987.493317923237
122,2,5,0,2,1,2,0.616667,0.582079,0.697083,0.342667,4451,5073.089432555628
123,2,5,0,3,1,2,0.414167,0.40465,0.737083,0.328996,2633,2427.69609637945
124,2,5,0,4,1,1,0.459167,0.441917,0.444167,0.295392,4433,5343.034304631951
125,2,5,0,5,1,1,0.479167,0.474117,0.59,0.228246,4608,5311.753958081773
126,2,5,0,6,0,1,0.52,0.512621,0.54125,0.16045,4714,6100.217498582663
127,2,5,0,0,0,1,0.528333,0.518933,0.631667,0.0746375,4333,5599.802561321334
128,2,5,0,1,1,1,0.5325,0.525246,0.58875,0.176,4362,5562.841846871131
129,2,5,0,2,1,1,0.5325,0.522721,0.489167,0.115671,4803,6035.662603419916
130,2,5,0,3,1,1,0.5425,0.5284,0.632917,0.120642,4182,5669.87663410746
131,2,5,0,4,1,1,0.535,0.523363,0.7475,0.189667,4864,5060.018450253118
132,2,5,0,5,1,2,0.5125,0.4943,0.863333,0.179725,4105,3853.0427269566812
133,2,5,0,6,0,2,0.520833,0.500629,0.9225,0.13495,3409,3342.445048439466
134,2,5,0,0,0,2,0.5625,0.536,0.867083,0.152979,4553,3855.8229771015926
135,2,5,0,1,1,1,0.5775,0.550512,0.787917,0.126871,3958,5135.079220500795
136,2,5,0,2,1,2,0.561667,0.538529,0.837917,0.277354,4123,4124.309377214604
137,2,5,0,3,1,2,0.55,0.527158,0.87,0.201492,3855,3668.6519518749756
138,2,5,0,4,1,2,0.530833,0.510742,0.829583,0.108213,4575,5595.109402837238
139,2,5,0,5,1,1,0.536667,0.529042,0.719583,0.125013,4917,5864.568123190627
140,2,5,0,6,0,1,0.6025,0.571975,0.626667,0.12065,5805,6196.620387875686
141,2,5,0,0,0,1,0.604167,0.5745,0.749583,0.148008,4660,4929.278486022589
142,2,5,0,1,1,2,0.631667,0.590296,0.81,0.233842,4274,4209.011574383375
143,2,5,0,2,1,2,0.66,0.604813,0.740833,0.207092,4492,4695.738002963703
144,2,5,0,3,1,1,0.660833,0.615542,0.69625,0.154233,4978,5931.539270430392
145,2,5,0,4,1,1,0.708333,0.654688,0.6775,0.199642,4677,5354.027604832548
146,2,5,0,5,1,1,0.681667,0.637008,0.65375,0.240679,4679,5427.484041789476
147,2,5,0,6,0,1,0.655833,0.612379,0.729583,0.230092,4758,5305.004093199217
148,2,5,0,0,0,1,0.6675,0.61555,0.81875,0.213938,4788,4583.452811618811
149,2,5,1,1,0,1,0.733333,0.671092,0.685,0.131225,4098,5605.470474961796
150,2,5,0,2,1,1,0.775,0.725383,0.636667,0.111329,3982,5160.225977925667
151,2,6,0,3,1,2,0.764167,0.720967,0.677083,0.207092,3974,4999.306707704
152,2,6,0,4,1,1,0.715,0.643942,0.305,0.292287,4968,5832.905472018076
153,2,6,0,5,1,1,0.62,0.587133,0.354167,0.253121,5312,6172.208864190003
154,2,6,0,6,0,1,0.635,0.594696,0.45625,0.123142,5342,6387.506768217067
155,2,6,0,0,0,2,0.648333,0.616804,0.6525,0.138692,4906,5397.719226597606
156,2,6,0,1,1,1,0.678333,0.621858,0.6,0.121896,4548,5807.633124234088
157,2,6,0,2,1,1,0.7075,0.65595,0.597917,0.187808,4833,5646.107442500089
158,2,6,0,3,1,1,0.775833,0.727279,0.622083,0.136817,4401,5092.870395619903
159,2,6,0,4,1,2,0.808333,0.757579,0.568333,0.149883,3915,5025.332340055481
160,2,6,0,5,1,1,0.755,0.703292,0.605,0.140554,4586,5527.5953104311
161,2,6,0,6,0,1,0.725,0.678038,0.654583,0.15485,4966,5666.560376462473
162,2,6,0,0,0,1,0.6925,0.643325,0.747917,0.163567,4460,4971.423580752951
163,2,6,0,1,1,1,0.635,0.601654,0.494583,0.30535,5020,5961.336640626501
164,2,6,0,2,1,1,0.604167,0.591546,0.507083,0.269283,4891,6186.036762834184
165,2,6,0,3,1,1,0.626667,0.587754,0.471667,0.167912,5180,6280.9652978487975
166,2,6,0,4,1,2,0.628333,0.595346,0.688333,0.206471,3767,5176.102895057004
167,2,6,0,5,1,1,0.649167,0.600383,0.735833,0.143029,4844,5812.280298653841
168,2,6,0,6,0,1,0.696667,0.643954,0.670417,0.119408,5119,5879.636488724611
169,2,6,0,0,0,2,0.699167,0.645846,0.666667,0.102,4744,5703.709388574669
170,2,6,0,1,1,2,0.635,0.595346,0.74625,0.155475,4010,4763.422580106617
171,3,6,0,2,1,2,0.680833,0.637646,0.770417,0.171025,4835,5096.385824357801
172,3,6,0,3,1,1,0.733333,0.693829,0.7075,0.172262,4507,5503.464377775599
173,3,6,0,4,1,2,0.728333,0.693833,0.703333,0.238804,4790,5126.086754522113
174,3,6,0,5,1,1,0.724167,0.656583,0.573333,0.222025,4991,6164.1971626996765
175,3,6,0,6,0,1,0.695,0.643313,0.483333,0.209571,5202,5927.884367686438
176,3,6,0,0,0,1,0.68,0.637629,0.513333,0.0945333,5305,6224.4931230152715
177,3,6,0,1,1,2,0.6825,0.637004,0.658333,0.107588,4708,5679.48144560858
178,3,6,0,2,1,1,0.744167,0.692558,0.634167,0.144283,4648,5336.710779413551
179,3,6,0,3,1,1,0.728333,0.654688,0.497917,0.261821,5225,6065.536579254085
180,3,6,0,4,1,1,0.696667,0.637008,0.434167,0.185312,5515,5920.623231575547
181,3,7,0,5,1,1,0.7225,0.652162,0.39625,0.102608,5362,6398.012999025904
182,3,7,0,6,0,1,0.738333,0.667308,0.444583,0.115062,5119,6151.476765677067
183,3,7,0,0,0,2,0.716667,0.668575,0.6825,0.228858,4649,5411.302282761559
184,3,7,1,1,0,2,0.726667,0.665417,0.637917,0.0814792,6043,5928.022220126779
185,3,7,0,2,1,1,0.746667,0.696338,0.590417,0.126258,4665,5310.416474423593
186,3,7,0,3,1,1,0.72,0.685633,0.743333,0.149883,4629,5447.796685045832
187,3,7,0,4,1,1,0.75,0.686871,0.65125,0.1592,4592,5733.87757979245
188,3,7,0,5,1,2,0.709167,0.670483,0.757917,0.225129,4040,4559.21826053574
189,3,7,0,6,0,1,0.733333,0.664158,0.609167,0.167912,5336,6041.468316573797
190,3,7,0,0,0,1,0.7475,0.690025,0.578333,0.183471,4881,5341.913262361999
191,3,7,0,1,1,1,0.7625,0.729804,0.635833,0.282337,4086,5040.087237205912
192,3,7,0,2,1,1,0.794167,0.739275,0.559167,0.200254,4258,4842.800233995341
193,3,7,0,3,1,1,0.746667,0.689404,0.631667,0.146133,4342,5535.457583240747
194,3,7,0,4,1,1,0.680833,0.635104,0.47625,0.240667,5084,5822.561658993793
195,3,7,0,5,1,1,0.663333,0.624371,0.59125,0.182833,5538,5896.973584347409
196,3,7,0,6,0,1,0.686667,0.638263,0.585,0.208342,5923,6031.725498977186
197,3,7,0,0,0,1,0.719167,0.669833,0.604167,0.245033,5302,5665.487972619545
198,3,7,0,1,1,1,0.746667,0.703925,0.65125,0.215804,4458,5093.800646929794
199,3,7,0,2,1,1,0.776667,0.747479,0.650417,0.1306,4541,5208.675398414748
200,3,7,0,3,1,1,0.768333,0.74685,0.707083,0.113817,4332,5591.710418165868
201,3,7,0,4,1,2,0.815,0.826371,0.69125,0.222021,3784,5064.727000480428
202,3,7,0,5,1,1,0.848333,0.840896,0.580417,0.1331,3387,5122.759416331555
203,3,7,0,6,0,1,0.849167,0.804287,0.5,0.131221,3285,5169.075090949901
204,3,7,0,0,0,1,0.83,0.794829,0.550833,0.169171,3606,4859.206732460567
205,3,7,0,1,1,1,0.743333,0.720958,0.757083,0.0908083,3840,5094.197042968665
206,3,7,0,2,1,1,0.771667,0.696979,0.540833,0.200258,4590,5046.344867867232
207,3,7,0,3,1,1,0.775,0.690667,0.402917,0.183463,4656,5141.82223617647
208,3,7,0,4,1,1,0.779167,0.7399,0.583333,0.178479,4390,5209.437344209332
209,3,7,0,5,1,1,0.838333,0.785967,0.5425,0.174138,3846,5122.961679213911
210,3,7,0,6,0,1,0.804167,0.728537,0.465833,0.168537,4475,5202.533326123976
211,3,7,0,0,0,1,0.805833,0.729796,0.480833,0.164813,4302,4970.5538063296
212,3,8,0,1,1,1,0.771667,0.703292,0.550833,0.156717,4266,5202.915324441479
213,3,8,0,2,1,1,0.783333,0.707071,0.49125,0.20585,4845,5191.457519702171
214,3,8,0,3,1,2,0.731667,0.679937,0.6575,0.135583,3574,5634.035745382916
215,3,8,0,4,1,2,0.71,0.664788,0.7575,0.19715,4576,4898.488532731362
216,3,8,0,5,1,1,0.710833,0.656567,0.630833,0.184696,4866,6045.529111126675
217,3,8,0,6,0,2,0.716667,0.676154,0.755,0.22825,4294,4650.767455027541
218,3,8,0,0,0,1,0.7425,0.715292,0.752917,0.201487,3785,4720.017048602839
219,3,8,0,1,1,1,0.765,0.703283,0.592083,0.192175,4326,5103.901136248501
220,3,8,0,2,1,1,0.775,0.724121,0.570417,0.151121,4602,5088.01416519534
221,3,8,0,3,1,1,0.766667,0.684983,0.424167,0.200258,4780,5376.42179883548
222,3,8,0,4,1,1,0.7175,0.651521,0.42375,0.164796,4792,6255.535309597018
223,3,8,0,5,1,1,0.708333,0.654042,0.415,0.125621,4905,6406.258063076271
224,3,8,0,6,0,2,0.685833,0.645858,0.729583,0.211454,4150,5122.585571707381
225,3,8,0,0,0,2,0.676667,0.624388,0.8175,0.222633,3820,4342.457717440915
226,3,8,0,1,1,1,0.665833,0.616167,0.712083,0.208954,4338,4993.864161162088
227,3,8,0,2,1,1,0.700833,0.645837,0.578333,0.236329,4725,5869.896322016129
228,3,8,0,3,1,1,0.723333,0.666671,0.575417,0.143667,4694,6237.021730980738
229,3,8,0,4,1,1,0.711667,0.662258,0.654583,0.233208,3805,5549.184343978779
230,3,8,0,5,1,2,0.685,0.633221,0.722917,0.139308,4153,5653.971910120195
231,3,8,0,6,0,1,0.6975,0.648996,0.674167,0.104467,5191,6365.629049628954
232,3,8,0,0,0,1,0.710833,0.675525,0.77,0.248754,3873,4405.643381399834
233,3,8,0,1,1,1,0.691667,0.638254,0.47,0.27675,4758,5842.333694262257
234,3,8,0,2,1,1,0.640833,0.606067,0.455417,0.146763,5895,6376.184366137032
235,3,8,0,3,1,1,0.673333,0.630692,0.605,0.253108,5130,5755.5023838997695
236,3,8,0,4,1,2,0.684167,0.645854,0.771667,0.210833,3542,4653.4244317626335
237,3,8,0,5,1,1,0.7,0.659733,0.76125,0.0839625,4661,5926.654921402068
238,3,8,0,6,0,2,0.68,0.635556,0.85,0.375617,1115,3512.290195412314
239,3,8,0,0,0,1,0.707059,0.647959,0.561765,0.304659,4334,5888.844505197042
240,3,8,0,1,1,1,0.636667,0.607958,0.554583,0.159825,4634,6385.953294295576
241,3,8,0,2,1,1,0.639167,0.594704,0.548333,0.125008,5204,6575.613509850853
242,3,8,0,3,1,1,0.656667,0.611121,0.597917,0.0833333,5058,6597.487585373328
243,3,9,0,4,1,1,0.655,0.614921,0.639167,0.141796,5115,6542.442933664472
244,3,9,0,5,1,2,0.643333,0.604808,0.727083,0.139929,4727,5877.0542017817215
245,3,9,0,6,0,1,0.669167,0.633213,0.716667,0.185325,4484,5807.111066659414
246,3,9,0,0,0,1,0.709167,0.665429,0.742083,0.206467,4940,4944.963118413601
247,3,9,1,1,0,2,0.673333,0.625646,0.790417,0.212696,3351,4559.91869404359
248,3,9,0,2,1,3,0.54,0.5152,0.886957,0.343943,2710,3079.1635176326904
249,3,9,0,3,1,3,0.599167,0.544229,0.917083,0.0970208,1996,3249.1213736638815
250,3,9,0,4,1,3,0.633913,0.555361,0.939565,0.192748,1842,3143.6141610997033
251,3,9,0,5,1,2,0.65,0.578946,0.897917,0.124379,3544,3350.4767815312534
252,3,9,0,6,0,1,0.66,0.607962,0.75375,0.153608,5345,5778.334360960115
253,3,9,0,0,0,1,0.653333,0.609229,0.71375,0.115054,5046,5446.018716950786
254,3,9,0,1,1,1,0.644348,0.60213,0.692174,0.088913,4713,5906.314342364981
255,3,9,0,2,1,1,0.650833,0.603554,0.7125,0.141804,4763,5509.559704330103
256,3,9,0,3,1,1,0.673333,0.6269,0.697083,0.1673,4785,5806.5797659093
257,3,9,0,4,1,2,0.5775,0.553671,0.709167,0.271146,3659,5129.716587414714
258,3,9,0,5,1,2,0.469167,0.461475,0.590417,0.164183,4760,5842.162485894439
259,3,9,0,6,0,2,0.491667,0.478512,0.718333,0.189675,4511,5013.460881721187
260,3,9,0,0,0,1,0.5075,0.490537,0.695,0.178483,4274,4963.271769791745
261,3,9,0,1,1,2,0.549167,0.529675,0.69,0.151742,4539,5469.65825912952
262,3,9,0,2,1,2,0.561667,0.532217,0.88125,0.134954,3641,3385.9494355646866
263,3,9,0,3,1,2,0.595,0.550533,0.9,0.0964042,4352,3333.6501410320584
264,3,9,0,4,1,2,0.628333,0.554963,0.902083,0.128125,4795,3333.6501410320584
265,4,9,0,5,1,2,0.609167,0.522125,0.9725,0.0783667,2395,3333.6501410320584
266,4,9,0,6,0,2,0.606667,0.564412,0.8625,0.0783833,5423,4012.983254192009
267,4,9,0,0,0,2,0.634167,0.572637,0.845,0.0503792,5010,4953.795153349784
268,4,9,0,1,1,2,0.649167,0.589042,0.848333,0.1107,4630,4417.55467953456
269,4,9,0,2,1,2,0.636667,0.574525,0.885417,0.118171,4120,3385.9494355646866
270,4,9,0,3,1,2,0.635,0.575158,0.84875,0.148629,3907,4153.407350542966
271,4,9,0,4,1,1,0.616667,0.574512,0.699167,0.172883,4839,6083.430375731865
272,4,9,0,5,1,1,0.564167,0.544829,0.6475,0.206475,5202,6706.272192570935
273,4,10,0,6,0,2,0.41,0.412863,0.75375,0.292296,2429,3225.500442953278
274,4,10,0,0,0,2,0.356667,0.345317,0.791667,0.222013,2918,3116.64497575854
275,4,10,0,1,1,2,0.384167,0.392046,0.760833,0.0833458,3570,3867.365982896241
276,4,10,0,2,1,1,0.484167,0.472858,0.71,0.205854,4456,4740.009923250545
277,4,10,0,3,1,1,0.538333,0.527138,0.647917,0.17725,4826,6136.923921922836
278,4,10,0,4,1,1,0.494167,0.480425,0.620833,0.134954,4765,5814.293845354392
279,4,10,0,5,1,1,0.510833,0.504404,0.684167,0.0223917,4985,5971.839282140935
280,4,10,0,6,0,1,0.521667,0.513242,0.70125,0.0454042,5409,6071.555527864872
281,4,10,0,0,0,1,0.540833,0.523983,0.7275,0.06345,5511,5604.943456442016
282,4,10,1,1,0,1,0.570833,0.542925,0.73375,0.0423042,5117,5668.236331484249
283,4,10,0,2,1,2,0.566667,0.546096,0.80875,0.143042,4563,5314.104494611612
284,4,10,0,3,1,3,0.543333,0.517717,0.90625,0.24815,2416,3050.668081124754
285,4,10,0,4,1,2,0.589167,0.551804,0.896667,0.141787,2913,3333.6501410320584
286,4,10,0,5,1,2,0.550833,0.529675,0.71625,0.223883,3644,5374.990500881195
287,4,10,0,6,0,1,0.506667,0.498725,0.483333,0.258083,5217,6332.679951177892
288,4,10,0,0,0,1,0.511667,0.503154,0.486667,0.281717,5041,6041.480180087948
289,4,10,0,1,1,1,0.534167,0.510725,0.579583,0.175379,4570,6426.937700144325
290,4,10,0,2,1,2,0.5325,0.522721,0.701667,0.110087,4748,5799.68447526063
291,4,10,0,3,1,3,0.541739,0.513848,0.895217,0.243339,2424,3050.668081124754
292,4,10,0,4,1,1,0.475833,0.466525,0.63625,0.422275,4195,5340.138416821127
293,4,10,0,5,1,1,0.4275,0.423596,0.574167,0.221396,4304,5021.227978041468
294,4,10,0,6,0,1,0.4225,0.425492,0.629167,0.0926667,4308,5062.325852820099
295,4,10,0,0,0,1,0.421667,0.422333,0.74125,0.0995125,4381,4291.333761074896
296,4,10,0,1,1,1,0.463333,0.457067,0.772083,0.118792,4187,4981.585116351004
297,4,10,0,2,1,1,0.471667,0.463375,0.622917,0.166658,4687,5624.601279551941
298,4,10,0,3,1,2,0.484167,0.472846,0.720417,0.148642,3894,5046.364704733524
299,4,10,0,4,1,2,0.47,0.457046,0.812917,0.197763,2659,4615.973470205582
300,4,10,0,5,1,2,0.330833,0.318812,0.585833,0.229479,3747,4122.016305059457
301,4,10,0,6,0,3,0.254167,0.227913,0.8825,0.351371,627,2267.1691918279953
302,4,10,0,0,0,1,0.319167,0.321329,0.62375,0.176617,3331,4111.128576096524
303,4,10,0,1,1,1,0.34,0.356063,0.703333,0.10635,3669,3957.4223318104027
304,4,11,0,2,1,1,0.400833,0.397088,0.68375,0.135571,4068,4418.840819988983
305,4,11,0,3,1,1,0.3775,0.390133,0.71875,0.0820917,4186,3999.198981904959
306,4,11,0,4,1,1,0.408333,0.405921,0.702083,0.136817,3974,4133.392003288999
307,4,11,0,5,1,2,0.403333,0.403392,0.6225,0.271779,4046,4369.416446612891
308,4,11,0,6,0,1,0.326667,0.323854,0.519167,0.189062,3926,4417.048422386955
309,4,11,0,0,0,1,0.348333,0.362358,0.734583,0.0920542,3649,3766.66337582761
310,4,11,0,1,1,1,0.395,0.400871,0.75875,0.057225,4035,3868.192969226903
311,4,11,0,2,1,1,0.408333,0.412246,0.721667,0.0690375,4205,4057.8195814784153
312,4,11,0,3,1,1,0.4,0.409079,0.758333,0.0621958,4109,3958.8798781192536
313,4,11,0,4,1,2,0.38,0.373721,0.813333,0.189067,2933,3365.6832066883303
314,4,11,1,5,0,1,0.324167,0.306817,0.44625,0.314675,3368,4103.798637270844
315,4,11,0,6,0,1,0.356667,0.357942,0.552917,0.212062,4067,4512.3759691030555
316,4,11,0,0,0,1,0.440833,0.43055,0.458333,0.281721,3717,5439.181127734664
317,4,11,0,1,1,1,0.53,0.524612,0.587083,0.306596,4486,6180.171469064703
318,4,11,0,2,1,2,0.53,0.507579,0.68875,0.199633,4195,5375.292255655
319,4,11,0,3,1,3,0.456667,0.451988,0.93,0.136829,1817,3161.844620129643
320,4,11,0,4,1,2,0.341667,0.323221,0.575833,0.305362,3053,4186.177086892351
321,4,11,0,5,1,1,0.274167,0.272721,0.41,0.168533,3392,3952.990643564193
322,4,11,0,6,0,1,0.329167,0.324483,0.502083,0.224496,3663,4482.553906192304
323,4,11,0,0,0,2,0.463333,0.457058,0.684583,0.18595,3520,4793.205018743631
324,4,11,0,1,1,3,0.4475,0.445062,0.91,0.138054,2765,3147.7823598783198
325,4,11,0,2,1,3,0.416667,0.421696,0.9625,0.118792,1607,3500.8921135168575
326,4,11,0,3,1,2,0.440833,0.430537,0.757917,0.335825,2566,3824.0932216283245
327,4,11,1,4,0,1,0.373333,0.372471,0.549167,0.167304,1495,4505.751390092027
328,4,11,0,5,1,1,0.375,0.380671,0.64375,0.0988958,2792,4600.184770085096
329,4,11,0,6,0,1,0.375833,0.385087,0.681667,0.0684208,3068,4183.05529325315
330,4,11,0,0,0,1,0.459167,0.4558,0.698333,0.208954,3071,4576.834383001307
331,4,11,0,1,1,1,0.503478,0.490122,0.743043,0.142122,3867,4940.146366722471
332,4,11,0,2,1,2,0.458333,0.451375,0.830833,0.258092,2914,4142.4582606635895
333,4,11,0,3,1,1,0.325,0.311221,0.613333,0.271158,3613,4088.2180535707043
334,4,12,0,4,1,1,0.3125,0.305554,0.524583,0.220158,3727,4337.703302306646
335,4,12,0,5,1,1,0.314167,0.331433,0.625833,0.100754,3940,4661.619707354105
336,4,12,0,6,0,1,0.299167,0.310604,0.612917,0.0957833,3614,4272.221740217031
337,4,12,0,0,0,1,0.330833,0.3491,0.775833,0.0839583,3485,3689.920007679555
338,4,12,0,1,1,2,0.385833,0.393925,0.827083,0.0622083,3811,3581.7197354852674
339,4,12,0,2,1,3,0.4625,0.4564,0.949583,0.232583,2594,3040.118248659212
340,4,12,0,3,1,3,0.41,0.400246,0.970417,0.266175,705,2925.419465543627
341,4,12,0,4,1,1,0.265833,0.256938,0.58,0.240058,3322,3463.126290125564
342,4,12,0,5,1,1,0.290833,0.317542,0.695833,0.0827167,3620,3994.274246866534
343,4,12,0,6,0,1,0.275,0.266412,0.5075,0.233221,3190,3773.6210436844476
344,4,12,0,0,0,1,0.220833,0.253154,0.49,0.0665417,2743,3095.4978349663024
345,4,12,0,1,1,1,0.238333,0.270196,0.670833,0.06345,3310,3589.0699834069474
346,4,12,0,2,1,1,0.2825,0.301138,0.59,0.14055,3523,4358.450142885006
347,4,12,0,3,1,2,0.3175,0.338362,0.66375,0.0609583,3740,4676.436350047832
348,4,12,0,4,1,2,0.4225,0.412237,0.634167,0.268042,3709,4217.094399561895
349,4,12,0,5,1,2,0.375,0.359825,0.500417,0.260575,3577,4628.662488436731
350,4,12,0,6,0,2,0.258333,0.249371,0.560833,0.243167,2739,3050.7232159154983
351,4,12,0,0,0,1,0.238333,0.245579,0.58625,0.169779,2431,2944.629563005075
352,4,12,0,1,1,1,0.276667,0.280933,0.6375,0.172896,3403,3778.8814461465727
353,4,12,0,2,1,2,0.385833,0.396454,0.595417,0.0615708,3750,4745.151783926542
354,1,12,0,3,1,2,0.428333,0.428017,0.858333,0.2214,2660,2699.8993944187173
355,1,12,0,4,1,2,0.423333,0.426121,0.7575,0.047275,3068,3548.829925221674
356,1,12,0,5,1,1,0.373333,0.377513,0.68625,0.274246,2209,2464.960792820688
357,1,12,0,6,0,1,0.3025,0.299242,0.5425,0.190304,1011,3146.9993234485173
358,1,12,0,0,0,1,0.274783,0.279961,0.681304,0.155091,754,1991.8728463161124
359,1,12,1,1,0,1,0.321739,0.315535,0.506957,0.239465,1317,2833.0734187345292
360,1,12,0,2,1,2,0.325,0.327633,0.7625,0.18845,1162,2203.7608981393805
361,1,12,0,3,1,1,0.29913,0.279974,0.503913,0.293961,2302,2838.340055785426
362,1,12,0,4,1,1,0.248333,0.263892,0.574167,0.119412,2423,2690.8395146710923
363,1,12,0,5,1,1,0.311667,0.318812,0.636667,0.134337,2999,2858.891429008953
364,1,12,0,6,0,1,0.41,0.414121,0.615833,0.220154,2485,3399.157511279725
365,1,1,0,0,0,1,0.37,0.375621,0.6925,0.192167,2294,2408.743685952953
366,1,1,1,1,0,1,0.273043,0.252304,0.381304,0.329665,1951,2171.854818285363
367,1,1,0,2,1,1,0.15,0.126275,0.44125,0.365671,2236,1571.8688821966114
368,1,1,0,3,1,2,0.1075,0.119337,0.414583,0.1847,2368,1686.6209064399914
369,1,1,0,4,1,1,0.265833,0.278412,0.524167,0.129987,3272,3168.6383899430894
370,1,1,0,5,1,1,0.334167,0.340267,0.542083,0.167908,4098,3935.5780127294015
371,1,1,0,6,0,1,0.393333,0.390779,0.531667,0.174758,4521,3950.272106069711
372,1,1,0,0,0,1,0.3375,0.340258,0.465,0.191542,3425,3723.571392804218
373,1,1,0,1,1,2,0.224167,0.247479,0.701667,0.0989,2376,1593.8791187396369
374,1,1,0,2,1,1,0.308696,0.318826,0.646522,0.187552,3598,2558.0682345853807
375,1,1,0,3,1,2,0.274167,0.282821,0.8475,0.131221,2177,2139.495337845592
376,1,1,0,4,1,2,0.3825,0.381938,0.802917,0.180967,4097,2558.492257696628
377,1,1,0,5,1,1,0.274167,0.249362,0.5075,0.378108,3214,2196.005825715534
378,1,1,0,6,0,1,0.18,0.183087,0.4575,0.187183,2493,1760.8118523322937
379,1,1,0,0,0,1,0.166667,0.161625,0.419167,0.251258,2311,1565.8962275625886
380,1,1,1,1,0,1,0.19,0.190663,0.5225,0.231358,2298,1675.4784985951687
381,1,1,0,2,1,2,0.373043,0.364278,0.716087,0.34913,2935,2229.6099435198516
382,1,1,0,3,1,1,0.303333,0.275254,0.443333,0.415429,3376,2921.434168018815
383,1,1,0,4,1,1,0.19,0.190038,0.4975,0.220158,3292,1860.8657548334086
384,1,1,0,5,1,2,0.2175,0.220958,0.45,0.20275,3163,2063.431560439769
385,1,1,0,6,0,2,0.173333,0.174875,0.83125,0.222642,1301,1219.9441787169437
386,1,1,0,0,0,2,0.1625,0.16225,0.79625,0.199638,1977,1265.472445613052
387,1,1,0,1,1,2,0.218333,0.243058,0.91125,0.110708,2432,1515.0965865943465
388,1,1,0,2,1,1,0.3425,0.349108,0.835833,0.123767,4339,2422.4413460923624
389,1,1,0,3,1,1,0.294167,0.294821,0.64375,0.161071,4270,2565.3232272211826
390,1,1,0,4,1,2,0.341667,0.35605,0.769583,0.0733958,4075,2698.111947758231
391,1,1,0,5,1,2,0.425,0.415383,0.74125,0.342667,3456,2656.736681077384
392,1,1,0,6,0,1,0.315833,0.326379,0.543333,0.210829,4023,3396.167740606381
393,1,1,0,0,0,1,0.2825,0.272721,0.31125,0.24005,3243,2805.389265607351
394,1,1,0,1,1,1,0.269167,0.262625,0.400833,0.215792,3624,2947.242959027377
395,1,1,0,2,1,1,0.39,0.381317,0.416667,0.261817,4509,3677.177280561705
396,1,2,0,3,1,1,0.469167,0.466538,0.507917,0.189067,4579,5351.752017337146
397,1,2,0,4,1,2,0.399167,0.398971,0.672917,0.187187,3761,3098.754774951465
398,1,2,0,5,1,1,0.313333,0.309346,0.526667,0.178496,4151,3369.4311023515243
399,1,2,0,6,0,2,0.264167,0.272725,0.779583,0.121896,2832,2261.612950217267
400,1,2,0,0,0,2,0.265833,0.264521,0.687917,0.175996,2947,2054.757432280965
401,1,2,0,1,1,1,0.282609,0.296426,0.622174,0.1538,3784,2975.12713802401
402,1,2,0,2,1,1,0.354167,0.361104,0.49625,0.147379,4375,4001.8736468401353
403,1,2,0,3,1,2,0.256667,0.266421,0.722917,0.133721,2802,2183.5435185050255
404,1,2,0,4,1,1,0.265,0.261988,0.562083,0.194037,3830,3131.9310767559164
405,1,2,0,5,1,2,0.280833,0.293558,0.54,0.116929,3831,3315.4570959992834
406,1,2,0,6,0,3,0.224167,0.210867,0.73125,0.289796,2169,1206.3356909535946
407,1,2,0,0,0,1,0.1275,0.101658,0.464583,0.409212,1529,1523.0541017592543
408,1,2,0,1,1,1,0.2225,0.227913,0.41125,0.167283,3422,2120.6244575270302
409,1,2,0,2,1,2,0.319167,0.333946,0.50875,0.141179,3922,3805.3546002233393
410,1,2,0,3,1,1,0.348333,0.351629,0.53125,0.1816,4169,3983.4266512841155
411,1,2,0,4,1,2,0.316667,0.330162,0.752917,0.091425,3005,2546.6297607639262
412,1,2,0,5,1,1,0.343333,0.351629,0.634583,0.205846,4154,3522.318568120527
413,1,2,0,6,0,1,0.346667,0.355425,0.534583,0.190929,4318,3924.789565269461
414,1,2,0,0,0,2,0.28,0.265788,0.515833,0.253112,2689,2816.779997916885
415,1,2,1,1,0,1,0.28,0.273391,0.507826,0.229083,3129,2877.2121009219045
416,1,2,0,2,1,1,0.287826,0.295113,0.594348,0.205717,3777,2980.353262815274
417,1,2,0,3,1,1,0.395833,0.392667,0.567917,0.234471,4773,3773.950959059674
418,1,2,0,4,1,1,0.454167,0.444446,0.554583,0.190913,5062,5141.337941636535
419,1,2,0,5,1,2,0.4075,0.410971,0.7375,0.237567,3487,2584.249152440672
420,1,2,0,6,0,1,0.290833,0.255675,0.395833,0.421642,2732,2644.8444966240622
421,1,2,0,0,0,1,0.279167,0.268308,0.41,0.205229,3389,3029.371956323381
422,1,2,0,1,1,1,0.366667,0.357954,0.490833,0.268033,4322,3688.485960841622
423,1,2,0,2,1,1,0.359167,0.353525,0.395833,0.193417,4363,3890.3867948093684
424,1,2,0,3,1,2,0.344348,0.34847,0.804783,0.179117,1834,2267.000096943561
425,1,3,0,4,1,1,0.485833,0.475371,0.615417,0.226987,4990,5008.187955435958
426,1,3,0,5,1,2,0.353333,0.359842,0.657083,0.144904,3194,2995.5427528910673
427,1,3,0,6,0,2,0.414167,0.413492,0.62125,0.161079,4066,3560.3632810678805
428,1,3,0,0,0,1,0.325833,0.303021,0.403333,0.334571,3423,2719.7790495947224
429,1,3,0,1,1,1,0.243333,0.241171,0.50625,0.228858,3333,2103.812642185929
430,1,3,0,2,1,1,0.258333,0.255042,0.456667,0.200875,3956,2691.3054453979357
431,1,3,0,3,1,1,0.404167,0.3851,0.513333,0.345779,4916,3612.3462454316136
432,1,3,0,4,1,1,0.5275,0.524604,0.5675,0.441563,5382,5617.047161478724
433,1,3,0,5,1,2,0.410833,0.397083,0.407083,0.4148,4569,3497.0225198810344
434,1,3,0,6,0,1,0.2875,0.277767,0.350417,0.22575,4118,2825.5829259884326
435,1,3,0,0,0,1,0.361739,0.35967,0.476957,0.222587,4911,3444.3802226779776
436,1,3,0,1,1,1,0.466667,0.459592,0.489167,0.207713,5298,5457.363610755831
437,1,3,0,2,1,1,0.565,0.542929,0.6175,0.23695,5847,5591.233556672229
438,1,3,0,3,1,1,0.5725,0.548617,0.507083,0.115062,6312,6423.346267924422
439,1,3,0,4,1,1,0.5575,0.532825,0.579583,0.149883,6192,6325.048190489106
440,1,3,0,5,1,2,0.435833,0.436229,0.842083,0.113192,4378,4426.356937348732
441,1,3,0,6,0,2,0.514167,0.505046,0.755833,0.110704,7836,5729.550558738608
442,1,3,0,0,0,2,0.4725,0.464,0.81,0.126883,5892,5000.641720625976
443,1,3,0,1,1,1,0.545,0.532821,0.72875,0.162317,6153,5321.8126482989455
444,1,3,0,2,1,1,0.560833,0.538533,0.807917,0.121271,6093,5656.142235752868
445,2,3,0,3,1,2,0.531667,0.513258,0.82125,0.0895583,6230,5624.2344011259875
446,2,3,0,4,1,1,0.554167,0.531567,0.83125,0.117562,6871,5715.471456703384
447,2,3,0,5,1,2,0.601667,0.570067,0.694167,0.1163,8362,6407.387721150493
448,2,3,0,6,0,2,0.5025,0.486733,0.885417,0.192783,3372,3283.3875051874575
449,2,3,0,0,0,2,0.4375,0.437488,0.880833,0.220775,4996,3074.050452740514
450,2,3,0,1,1,1,0.445833,0.43875,0.477917,0.386821,5558,5208.473630682456
451,2,3,0,2,1,1,0.323333,0.315654,0.29,0.187192,5102,3627.29196657588
452,2,3,0,3,1,1,0.484167,0.47095,0.48125,0.291671,5698,5410.762325567656
453,2,3,0,4,1,1,0.494167,0.482304,0.439167,0.31965,6133,5392.3337785735985
454,2,3,0,5,1,2,0.37,0.375621,0.580833,0.138067,5459,4034.582392566828
455,2,3,0,6,0,2,0.424167,0.421708,0.738333,0.250617,6235,3394.124164348936
456,2,4,0,0,0,2,0.425833,0.417287,0.67625,0.172267,6041,4034.316722425966
457,2,4,0,1,1,1,0.433913,0.427513,0.504348,0.312139,5936,5041.030147494453
458,2,4,0,2,1,1,0.466667,0.461483,0.396667,0.100133,6772,5855.256314394232
459,2,4,0,3,1,1,0.541667,0.53345,0.469583,0.180975,6436,6043.269208797907
460,2,4,0,4,1,1,0.435,0.431163,0.374167,0.219529,6457,5238.8537792389
461,2,4,0,5,1,1,0.403333,0.390767,0.377083,0.300388,6460,4305.077462692465
462,2,4,0,6,0,1,0.4375,0.426129,0.254167,0.274871,6857,5267.258395254132
463,2,4,0,0,0,1,0.5,0.492425,0.275833,0.232596,5169,5621.3850817346565
464,2,4,0,1,1,1,0.489167,0.476638,0.3175,0.358196,5585,5365.894226063597
465,2,4,0,2,1,1,0.446667,0.436233,0.435,0.249375,5918,5337.293088945031
466,2,4,0,3,1,1,0.348696,0.337274,0.469565,0.295274,4862,4183.030787348241
467,2,4,0,4,1,1,0.3975,0.387604,0.46625,0.290429,5409,4304.218736056345
468,2,4,0,5,1,1,0.4425,0.431808,0.408333,0.155471,6398,5633.1629578564825
469,2,4,0,6,0,1,0.495,0.487996,0.502917,0.190917,7460,5813.5129012439465
470,2,4,0,0,0,1,0.606667,0.573875,0.507917,0.225129,7132,6228.967934857741
471,2,4,1,1,0,1,0.664167,0.614925,0.561667,0.284829,6370,5935.613432735372
472,2,4,0,2,1,1,0.608333,0.598487,0.390417,0.273629,6691,6001.370573754761
473,2,4,0,3,1,2,0.463333,0.457038,0.569167,0.167912,4367,5140.116286688262
474,2,4,0,4,1,1,0.498333,0.493046,0.6125,0.0659292,6565,5840.301571349934
475,2,4,0,5,1,1,0.526667,0.515775,0.694583,0.149871,7290,5957.900324512979
476,2,4,0,6,0,1,0.57,0.542921,0.682917,0.283587,6624,5699.909359964086
477,2,4,0,0,0,3,0.396667,0.389504,0.835417,0.344546,1027,2006.970743580359
478,2,4,0,1,1,2,0.321667,0.301125,0.766667,0.303496,3214,2191.287172640046
479,2,4,0,2,1,1,0.413333,0.405283,0.454167,0.249383,5633,4328.352398676602
480,2,4,0,3,1,1,0.476667,0.470317,0.427917,0.118792,6196,5737.399488064022
481,2,4,0,4,1,2,0.498333,0.483583,0.756667,0.176625,5026,5010.165737963717
482,2,4,0,5,1,1,0.4575,0.452637,0.400833,0.347633,6233,5329.484458648213
483,2,4,0,6,0,2,0.376667,0.377504,0.489583,0.129975,4220,4295.19561312793
484,2,4,0,0,0,1,0.458333,0.450121,0.587083,0.116908,6304,5462.569663307364
485,2,4,0,1,1,2,0.464167,0.457696,0.57,0.171638,5572,5199.507593538181
486,2,5,0,2,1,2,0.613333,0.577021,0.659583,0.156096,5740,5627.570712927633
487,2,5,0,3,1,1,0.564167,0.537896,0.797083,0.138058,6169,5769.826426115655
488,2,5,0,4,1,2,0.56,0.537242,0.768333,0.133696,6421,5745.479174168067
489,2,5,0,5,1,1,0.6275,0.590917,0.735417,0.162938,6296,5917.570162998242
490,2,5,0,6,0,2,0.621667,0.584608,0.756667,0.152992,6883,5425.481356780253
491,2,5,0,0,0,2,0.5625,0.546737,0.74,0.149879,6359,4977.51235568925
492,2,5,0,1,1,2,0.5375,0.527142,0.664167,0.230721,6273,5135.201771441254
493,2,5,0,2,1,2,0.581667,0.557471,0.685833,0.296029,5728,5144.706900139712
494,2,5,0,3,1,2,0.575,0.553025,0.744167,0.216412,4717,4467.112554079249
495,2,5,0,4,1,1,0.505833,0.491783,0.552083,0.314063,6572,5577.3647171665125
496,2,5,0,5,1,1,0.533333,0.520833,0.360417,0.236937,7030,5828.83623455877
497,2,5,0,6,0,1,0.564167,0.544817,0.480417,0.123133,7429,6528.283972601388
498,2,5,0,0,0,1,0.6125,0.585238,0.57625,0.225117,6118,6141.054238923719
499,2,5,0,1,1,2,0.573333,0.5499,0.789583,0.212692,2843,4232.165795870365
500,2,5,0,2,1,2,0.611667,0.576404,0.794583,0.147392,5115,5220.754848153646
501,2,5,0,3,1,1,0.636667,0.595975,0.697917,0.122512,7424,6142.182689979104
502,2,5,0,4,1,1,0.593333,0.572613,0.52,0.229475,7384,6508.995863090574
503,2,5,0,5,1,1,0.564167,0.551121,0.523333,0.136817,7639,6698.700631808714
504,2,5,0,6,0,1,0.6,0.566908,0.45625,0.083975,8294,6702.863443735276
505,2,5,0,0,0,1,0.620833,0.583967,0.530417,0.254367,7129,6305.084676233676
506,2,5,0,1,1,2,0.598333,0.565667,0.81125,0.233204,4359,4171.370214895067
507,2,5,0,2,1,2,0.615,0.580825,0.765833,0.118167,6073,5545.195650472473
508,2,5,0,3,1,2,0.621667,0.584612,0.774583,0.102,5260,5729.062288514453
509,2,5,0,4,1,1,0.655,0.6067,0.716667,0.172896,6770,5769.242993879966
510,2,5,0,5,1,1,0.68,0.627529,0.747083,0.14055,6734,5728.163700870433
511,2,5,0,6,0,1,0.6925,0.642696,0.7325,0.198992,6536,5478.968301592959
512,2,5,0,0,0,1,0.69,0.641425,0.697083,0.215171,6591,5205.437689503262
513,2,5,1,1,0,1,0.7125,0.6793,0.67625,0.196521,6043,5272.478631324307
514,2,5,0,2,1,1,0.7225,0.672992,0.684583,0.2954,5743,5370.2143719507485
515,2,5,0,3,1,2,0.656667,0.611129,0.67,0.134329,6855,6001.07452842774
516,2,5,0,4,1,1,0.68,0.631329,0.492917,0.195279,7338,5937.436274465309
517,2,6,0,5,1,2,0.654167,0.607962,0.755417,0.237563,4127,4607.386572936334
518,2,6,0,6,0,1,0.583333,0.566288,0.549167,0.186562,8120,6695.494746531925
519,2,6,0,0,0,1,0.6025,0.575133,0.493333,0.184087,7641,6364.7693514144385
520,2,6,0,1,1,1,0.5975,0.578283,0.487083,0.284833,6998,6228.140773512278
521,2,6,0,2,1,2,0.540833,0.525892,0.613333,0.209575,7001,5615.549332061935
522,2,6,0,3,1,1,0.554167,0.542292,0.61125,0.077125,7055,6419.029519778512
523,2,6,0,4,1,1,0.6025,0.569442,0.567083,0.15735,7494,6690.220378747886
524,2,6,0,5,1,1,0.649167,0.597862,0.467917,0.175383,7736,6474.413673937392
525,2,6,0,6,0,1,0.710833,0.648367,0.437083,0.144287,7498,6196.123057469822
526,2,6,0,0,0,1,0.726667,0.663517,0.538333,0.133721,6598,6259.729433299786
527,2,6,0,1,1,2,0.720833,0.659721,0.587917,0.207713,6664,5804.709881334742
528,2,6,0,2,1,2,0.653333,0.597875,0.833333,0.214546,4972,4447.004875881417
529,2,6,0,3,1,1,0.655833,0.611117,0.582083,0.343279,7421,6107.81009030751
530,2,6,0,4,1,1,0.648333,0.624383,0.569583,0.253733,7363,6132.555892567839
531,2,6,0,5,1,1,0.639167,0.599754,0.589583,0.176617,7665,6492.838739299326
532,2,6,0,6,0,1,0.631667,0.594708,0.504167,0.166667,7702,6646.2369385845495
533,2,6,0,0,0,1,0.5925,0.571975,0.59875,0.144904,6978,6166.548006801555
534,2,6,0,1,1,2,0.568333,0.544842,0.777917,0.174746,5099,4744.732898598974
535,2,6,0,2,1,1,0.688333,0.654692,0.69,0.148017,6825,6009.014369465185
536,2,6,0,3,1,1,0.7825,0.720975,0.592083,0.113812,6211,5291.193983209397
537,3,6,0,4,1,1,0.805833,0.752542,0.567917,0.118787,5905,5184.884878113887
538,3,6,0,5,1,1,0.7775,0.724121,0.57375,0.182842,5823,5285.642627415581
539,3,6,0,6,0,1,0.731667,0.652792,0.534583,0.179721,7458,6417.934443832323
540,3,6,0,0,0,1,0.743333,0.674254,0.479167,0.145525,6891,6132.926007840553
541,3,6,0,1,1,1,0.715833,0.654042,0.504167,0.300383,6779,6005.710983890802
542,3,6,0,2,1,1,0.630833,0.594704,0.373333,0.347642,7442,6172.156208273613
543,3,6,0,3,1,1,0.6975,0.640792,0.36,0.271775,7335,5963.920697079679
544,3,6,0,4,1,1,0.749167,0.675512,0.4225,0.17165,6879,6098.527862480141
545,3,6,0,5,1,1,0.834167,0.786613,0.48875,0.165417,5463,5162.88931898052
546,3,6,0,6,0,1,0.765,0.687508,0.60125,0.161071,5687,5658.638713366853
547,3,7,0,0,0,1,0.815833,0.750629,0.51875,0.168529,5531,4941.336679867192
548,3,7,0,1,1,1,0.781667,0.702038,0.447083,0.195267,6227,5155.356429434621
549,3,7,0,2,1,1,0.780833,0.70265,0.492083,0.126237,6660,5344.474710080124
550,3,7,1,3,0,1,0.789167,0.732337,0.53875,0.13495,7403,5112.125140830139
551,3,7,0,4,1,1,0.8275,0.761367,0.457917,0.194029,6241,5110.834795645533
552,3,7,0,5,1,1,0.828333,0.752533,0.450833,0.146142,6207,5277.266851916546
553,3,7,0,6,0,1,0.861667,0.804913,0.492083,0.163554,4840,5167.071049749752
554,3,7,0,0,0,1,0.8225,0.790396,0.57375,0.125629,4672,4893.335757987228
555,3,7,0,1,1,2,0.710833,0.654054,0.683333,0.180975,6569,5623.2391780103435
556,3,7,0,2,1,2,0.720833,0.664796,0.6675,0.151737,6290,5948.913110746002
557,3,7,0,3,1,1,0.716667,0.650271,0.633333,0.151733,7264,6200.987292800775
558,3,7,0,4,1,1,0.715833,0.654683,0.529583,0.146775,7446,6644.604913864892
559,3,7,0,5,1,2,0.731667,0.667933,0.485833,0.08085,7499,6427.180251020492
560,3,7,0,6,0,2,0.703333,0.666042,0.699167,0.143679,6969,5868.156840332465
561,3,7,0,0,0,1,0.745833,0.705196,0.717917,0.166667,6031,5384.62045644227
562,3,7,0,1,1,1,0.763333,0.724125,0.645,0.164187,6830,5239.789182605189
563,3,7,0,2,1,1,0.818333,0.755683,0.505833,0.114429,6786,5108.0754574572165
564,3,7,0,3,1,1,0.793333,0.745583,0.577083,0.137442,5713,5012.479457064022
565,3,7,0,4,1,1,0.77,0.714642,0.600417,0.165429,6591,5416.685376274633
566,3,7,0,5,1,2,0.665833,0.613025,0.844167,0.208967,5870,4588.862964870026
567,3,7,0,6,0,3,0.595833,0.549912,0.865417,0.2133,4459,3487.251490735036
568,3,7,0,0,0,2,0.6675,0.623125,0.7625,0.0939208,7410,5111.220229876856
569,3,7,0,1,1,1,0.741667,0.690017,0.694167,0.138683,6966,5706.20032303703
570,3,7,0,2,1,1,0.750833,0.70645,0.655,0.211454,7592,5158.507348714078
571,3,7,0,3,1,1,0.724167,0.654054,0.45,0.1648,8173,6241.638685145778
572,3,7,0,4,1,1,0.776667,0.739263,0.596667,0.284813,6861,5356.597303227992
573,3,7,0,5,1,1,0.781667,0.734217,0.594583,0.152992,6904,5470.620460680805
574,3,7,0,6,0,1,0.755833,0.697604,0.613333,0.15735,6685,5839.698701453064
575,3,7,0,0,0,1,0.721667,0.667933,0.62375,0.170396,6597,5915.522863847806
576,3,7,0,1,1,1,0.730833,0.684987,0.66875,0.153617,7105,5887.684998230628
577,3,7,0,2,1,1,0.713333,0.662896,0.704167,0.165425,7216,6007.028961714116
578,3,8,0,3,1,1,0.7175,0.667308,0.6775,0.141179,7580,6216.6188654945445
579,3,8,0,4,1,1,0.7525,0.707088,0.659583,0.129354,7261,6127.497745217303
580,3,8,0,5,1,2,0.765833,0.722867,0.6425,0.215792,7175,5677.416416649298
581,3,8,0,6,0,1,0.793333,0.751267,0.613333,0.257458,6824,5704.4247001178055
582,3,8,0,0,0,1,0.769167,0.731079,0.6525,0.290421,5464,5131.705836854489
583,3,8,0,1,1,2,0.7525,0.710246,0.654167,0.129354,7013,5667.1588638607345
584,3,8,0,2,1,2,0.735833,0.697621,0.70375,0.116908,7273,6008.907898735439
585,3,8,0,3,1,2,0.75,0.707717,0.672917,0.1107,7534,6218.193922488933
586,3,8,0,4,1,1,0.755833,0.699508,0.620417,0.1561,7286,6037.862441359743
587,3,8,0,5,1,2,0.715833,0.667942,0.715833,0.238813,5786,5201.834768673481
588,3,8,0,6,0,2,0.6925,0.638267,0.732917,0.206479,6299,5239.74137493565
589,3,8,0,0,0,1,0.700833,0.644579,0.530417,0.122512,6544,6326.473809294236
590,3,8,0,1,1,1,0.720833,0.662254,0.545417,0.136212,6883,6367.532566769162
591,3,8,0,2,1,1,0.726667,0.676779,0.686667,0.169158,6784,5881.261701592088
592,3,8,0,3,1,1,0.706667,0.654037,0.619583,0.169771,7347,6152.604724468591
593,3,8,0,4,1,1,0.719167,0.654688,0.519167,0.141796,7605,6544.385055089278
594,3,8,0,5,1,1,0.723333,0.2424,0.570833,0.231354,7148,5912.936222255681
595,3,8,0,6,0,1,0.678333,0.618071,0.603333,0.177867,7865,6477.461734543607
596,3,8,0,0,0,2,0.635833,0.603554,0.711667,0.08645,4549,5445.107157005604
597,3,8,0,1,1,2,0.635833,0.595967,0.734167,0.129979,6530,5482.54396691976
598,3,8,0,2,1,1,0.649167,0.601025,0.67375,0.0727708,7006,6593.249223184517
599,3,8,0,3,1,1,0.6675,0.621854,0.677083,0.0702833,7375,6616.204523017474
600,3,8,0,4,1,1,0.695833,0.637008,0.635833,0.0845958,7765,6522.973061918187
601,3,8,0,5,1,2,0.7025,0.6471,0.615,0.0721458,7582,6638.928022777847
602,3,8,0,6,0,2,0.661667,0.618696,0.712917,0.244408,6053,5261.247489327394
603,3,8,0,0,0,2,0.653333,0.595996,0.845833,0.228858,5255,4076.5440069816063
604,3,8,0,1,1,1,0.703333,0.654688,0.730417,0.128733,6917,5667.497772538238
605,3,8,0,2,1,1,0.728333,0.66605,0.62,0.190925,7040,5812.982082223598
606,3,8,0,3,1,1,0.685,0.635733,0.552083,0.112562,7697,6493.813848458827
607,3,8,0,4,1,1,0.706667,0.652779,0.590417,0.0771167,7713,6651.180981303364
608,3,8,0,5,1,1,0.764167,0.6894,0.5875,0.168533,7350,6114.3700575831135
609,3,9,0,6,0,2,0.753333,0.702654,0.638333,0.113187,6140,6553.754368400989
610,3,9,0,0,0,2,0.696667,0.649,0.815,0.0640708,5810,5309.192738003258
611,3,9,1,1,0,1,0.7075,0.661629,0.790833,0.151121,6034,5289.87127682039
612,3,9,0,2,1,1,0.725833,0.686888,0.755,0.236321,6864,5004.283293125155
613,3,9,0,3,1,1,0.736667,0.708983,0.74125,0.187808,7112,5655.926293240315
614,3,9,0,4,1,2,0.696667,0.655329,0.810417,0.142421,6203,5476.676247237909
615,3,9,0,5,1,1,0.703333,0.657204,0.73625,0.171646,7504,6140.990780278104
616,3,9,0,6,0,2,0.659167,0.611121,0.799167,0.281104,5976,4797.484134241447
617,3,9,0,0,0,1,0.61,0.578925,0.5475,0.224496,8227,7039.166824573487
618,3,9,0,1,1,1,0.583333,0.565654,0.50375,0.258713,7525,6995.355699181691
619,3,9,0,2,1,1,0.5775,0.554292,0.52,0.0920542,7767,7201.408872362206
620,3,9,0,3,1,1,0.599167,0.570075,0.577083,0.131846,7870,7152.4255496263795
621,3,9,0,4,1,1,0.6125,0.579558,0.637083,0.0827208,7804,7264.293743930617
622,3,9,0,5,1,1,0.633333,0.594083,0.6725,0.103863,8009,7069.69277032332
623,3,9,0,6,0,1,0.608333,0.585867,0.501667,0.247521,8714,7257.052896246499
624,3,9,0,0,0,1,0.58,0.563125,0.57,0.0901833,7333,7068.176982352434
625,3,9,0,1,1,2,0.580833,0.55305,0.734583,0.151742,6869,5363.305141096151
626,3,9,0,2,1,2,0.623333,0.565067,0.8725,0.357587,4073,3370.8062535730164
627,3,9,0,3,1,1,0.5525,0.540404,0.536667,0.215175,7591,7201.424619261102
628,3,9,0,4,1,1,0.546667,0.532192,0.618333,0.118167,7720,7214.198976430838
629,3,9,0,5,1,1,0.599167,0.571971,0.66875,0.154229,8167,6848.6146750904245
630,3,9,0,6,0,1,0.65,0.610488,0.646667,0.283583,8395,6884.576331072037
631,4,9,0,0,0,1,0.529167,0.518933,0.467083,0.223258,7907,6667.032311085893
632,4,9,0,1,1,1,0.514167,0.502513,0.492917,0.142404,7436,6702.025896338888
633,4,9,0,2,1,1,0.55,0.544179,0.57,0.236321,7538,6904.813418023288
634,4,9,0,3,1,1,0.635,0.596613,0.630833,0.2444,7733,6835.179141858316
635,4,9,0,4,1,2,0.65,0.607975,0.690833,0.134342,7393,6323.658521445323
636,4,9,0,5,1,2,0.619167,0.585863,0.69,0.164179,7415,6190.3305221220635
637,4,9,0,6,0,1,0.5425,0.530296,0.542917,0.227604,8555,7238.661678410983
638,4,9,0,0,0,1,0.526667,0.517663,0.583333,0.134958,6889,6591.669813509685
639,4,10,0,1,1,2,0.520833,0.512,0.649167,0.0908042,6778,6104.959172545844
640,4,10,0,2,1,3,0.590833,0.542333,0.871667,0.104475,4639,3904.428475470215
641,4,10,0,3,1,2,0.6575,0.599133,0.79375,0.0665458,7572,5986.09830098234
642,4,10,0,4,1,2,0.6575,0.607975,0.722917,0.117546,7328,6348.930422697365
643,4,10,0,5,1,1,0.615,0.580187,0.6275,0.10635,8156,7308.983008673504
644,4,10,0,6,0,1,0.554167,0.538521,0.664167,0.268025,7965,6663.471234638541
645,4,10,0,0,0,2,0.415833,0.419813,0.708333,0.141162,3510,4269.295497124893
646,4,10,1,1,0,2,0.383333,0.387608,0.709583,0.189679,5478,3623.142165915843
647,4,10,0,2,1,2,0.446667,0.438112,0.761667,0.1903,6392,4923.010257460784
648,4,10,0,3,1,1,0.514167,0.503142,0.630833,0.187821,7691,6340.1439368760075
649,4,10,0,4,1,1,0.435,0.431167,0.463333,0.181596,7570,5856.31360290635
650,4,10,0,5,1,1,0.4375,0.433071,0.539167,0.235092,7282,5823.729494169426
651,4,10,0,6,0,1,0.393333,0.391396,0.494583,0.146142,7109,4924.406798670346
652,4,10,0,0,0,1,0.521667,0.508204,0.640417,0.278612,6639,5868.448932746701
653,4,10,0,1,1,2,0.561667,0.53915,0.7075,0.296037,5875,5071.491219155043
654,4,10,0,2,1,1,0.468333,0.460846,0.558333,0.182221,7534,6074.954024856076
655,4,10,0,3,1,1,0.455833,0.450108,0.692917,0.101371,7461,5444.129195619859
656,4,10,0,4,1,2,0.5225,0.512625,0.728333,0.236937,7509,5500.102983917414
657,4,10,0,5,1,2,0.563333,0.537896,0.815,0.134954,5424,5678.01757275761
658,4,10,0,6,0,1,0.484167,0.472842,0.572917,0.117537,8090,6348.291838678809
659,4,10,0,0,0,1,0.464167,0.456429,0.51,0.166054,6824,6090.325384063622
660,4,10,0,1,1,1,0.4875,0.482942,0.568333,0.0814833,7058,6337.651025978997
661,4,10,0,2,1,1,0.544167,0.530304,0.641667,0.0945458,7466,6665.174007089477
662,4,10,0,3,1,1,0.5875,0.558721,0.63625,0.0727792,7693,7152.923127637782
663,4,10,0,4,1,2,0.55,0.529688,0.800417,0.124375,7359,5934.42860938749
664,4,10,0,5,1,2,0.545833,0.52275,0.807083,0.132467,7444,5949.787563133454
665,4,10,0,6,0,2,0.53,0.515133,0.72,0.235692,7852,5645.021430154745
666,4,10,0,0,0,2,0.4775,0.467771,0.694583,0.398008,4459,4761.089482469955
667,4,10,0,1,1,3,0.44,0.4394,0.88,0.3582,22,2784.3292383778044
668,4,10,0,2,1,2,0.318182,0.309909,0.825455,0.213009,1096,3093.183453202428
669,4,10,0,3,1,2,0.3575,0.3611,0.666667,0.166667,5566,4717.528139796474
670,4,11,0,4,1,2,0.365833,0.369942,0.581667,0.157346,5986,4909.581150666291
671,4,11,0,5,1,1,0.355,0.356042,0.522083,0.266175,5847,4778.997978764775
672,4,11,0,6,0,2,0.343333,0.323846,0.49125,0.270529,5138,4307.915947230066
673,4,11,0,0,0,1,0.325833,0.329538,0.532917,0.179108,5107,4591.712246061523
674,4,11,0,1,1,1,0.319167,0.308075,0.494167,0.236325,5259,4367.673118487913
675,4,11,0,2,1,1,0.280833,0.281567,0.567083,0.173513,5686,4207.721633822895
676,4,11,0,3,1,2,0.295833,0.274621,0.5475,0.304108,5035,4052.36856979806
677,4,11,0,4,1,1,0.352174,0.341891,0.333478,0.347835,5315,4738.985904647163
678,4,11,0,5,1,1,0.361667,0.355413,0.540833,0.214558,5992,4868.529528213582
679,4,11,0,6,0,1,0.389167,0.393937,0.645417,0.0578458,6536,4633.485202340396
680,4,11,0,0,0,1,0.420833,0.421713,0.659167,0.1275,6852,5072.099001776009
681,4,11,1,1,0,1,0.485,0.475383,0.741667,0.173517,6269,4956.71926643375
682,4,11,0,2,1,2,0.343333,0.323225,0.662917,0.342046,4094,4030.69218428426
683,4,11,0,3,1,1,0.289167,0.281563,0.552083,0.199625,5495,4286.511109704847
684,4,11,0,4,1,2,0.321667,0.324492,0.620417,0.152987,5445,4853.317693089068
685,4,11,0,5,1,1,0.345,0.347204,0.524583,0.171025,5698,4917.03885784594
686,4,11,0,6,0,1,0.325,0.326383,0.545417,0.179729,5629,4648.518118981241
687,4,11,0,0,0,1,0.3425,0.337746,0.692917,0.227612,4669,3513.008641166669
688,4,11,0,1,1,2,0.380833,0.375621,0.623333,0.235067,5499,4472.388917844608
689,4,11,0,2,1,2,0.374167,0.380667,0.685,0.082725,5634,4294.576964411616
690,4,11,0,3,1,1,0.353333,0.364892,0.61375,0.103246,5146,4847.950387918473
691,4,11,1,4,0,1,0.34,0.350371,0.580417,0.0528708,2425,4659.648766582811
692,4,11,0,5,1,1,0.368333,0.378779,0.56875,0.148021,3910,4844.5709662920435
693,4,11,0,6,0,1,0.278333,0.248742,0.404583,0.376871,2277,3187.933257046907
694,4,11,0,0,0,1,0.245833,0.257583,0.468333,0.1505,2424,3504.096454230681
695,4,11,0,1,1,1,0.313333,0.339004,0.535417,0.04665,5087,4827.384900478593
696,4,11,0,2,1,2,0.291667,0.281558,0.786667,0.237562,3959,3226.155804340686
697,4,11,0,3,1,1,0.296667,0.289762,0.50625,0.210821,5260,4385.916232530223
698,4,11,0,4,1,1,0.28087,0.298422,0.555652,0.115522,5323,4477.708532954956
699,4,11,0,5,1,1,0.298333,0.323867,0.649583,0.0584708,5668,4673.980609736923
700,4,12,0,6,0,2,0.298333,0.316904,0.806667,0.0597042,5191,3690.3427533147
701,4,12,0,0,0,2,0.3475,0.359208,0.823333,0.124379,4649,3575.6438353108692
702,4,12,0,1,1,1,0.4525,0.455796,0.7675,0.0827208,6234,4971.434671088738
703,4,12,0,2,1,1,0.475833,0.469054,0.73375,0.174129,6606,5287.853318774196
704,4,12,0,3,1,1,0.438333,0.428012,0.485,0.324021,5729,5447.412642280774
705,4,12,0,4,1,1,0.255833,0.258204,0.50875,0.174754,5375,3774.6694853621393
706,4,12,0,5,1,2,0.320833,0.321958,0.764167,0.1306,5008,3942.2832636255366
707,4,12,0,6,0,2,0.381667,0.389508,0.91125,0.101379,5582,3586.1134621630017
708,4,12,0,0,0,2,0.384167,0.390146,0.905417,0.157975,3228,3482.9413669228506
709,4,12,0,1,1,2,0.435833,0.435575,0.925,0.190308,5170,3254.8485184826395
710,4,12,0,2,1,2,0.353333,0.338363,0.596667,0.296037,5501,4411.043592206362
711,4,12,0,3,1,2,0.2975,0.297338,0.538333,0.162937,5319,4550.199725751637
712,4,12,0,4,1,1,0.295833,0.294188,0.485833,0.174129,5532,4391.710447726328
713,4,12,0,5,1,1,0.281667,0.294192,0.642917,0.131229,5611,4373.850667055516
714,4,12,0,6,0,1,0.324167,0.338383,0.650417,0.10635,5047,4650.103744325288
715,4,12,0,0,0,2,0.3625,0.369938,0.83875,0.100742,3786,3416.4897703988386
716,4,12,0,1,1,2,0.393333,0.4015,0.907083,0.0982583,4585,3494.8294651267684
717,4,12,0,2,1,1,0.410833,0.409708,0.66625,0.221404,5557,4326.2285289481315
718,4,12,0,3,1,1,0.3325,0.342162,0.625417,0.184092,5267,4625.03854541073
719,4,12,0,4,1,2,0.33,0.335217,0.667917,0.132463,4128,4631.484958269595
720,1,12,0,5,1,2,0.326667,0.301767,0.556667,0.374383,3623,2892.7719974524584
721,1,12,0,6,0,1,0.265833,0.236113,0.44125,0.407346,1749,2113.2235933708375
722,1,12,0,0,0,1,0.245833,0.259471,0.515417,0.133083,1787,2491.681142826515
723,1,12,0,1,1,2,0.231304,0.2589,0.791304,0.0772304,920,1766.339940807983
724,1,12,1,2,0,2,0.291304,0.294465,0.734783,0.168726,1013,2088.1640992556577
725,1,12,0,3,1,3,0.243333,0.220333,0.823333,0.316546,441,1261.4150683584346
726,1,12,0,4,1,2,0.254167,0.226642,0.652917,0.350133,2114,1519.8936316596512
727,1,12,0,5,1,2,0.253333,0.255046,0.59,0.155471,3095,2462.4376549240014
728,1,12,0,6,0,2,0.253333,0.2424,0.752917,0.124383,1341,1553.2355551922444
729,1,12,0,0,0,1,0.255833,0.2317,0.483333,0.350754,1796,2025.6221828561893
730,1,12,0,1,1,2,0.215833,0.223487,0.5775,0.154846,2729,1888.4002603333045
