,season,mnth,holiday,weekday,workingday,weathersit,temp,atemp,hum,windspeed,prediction
0,4,6,0,5,1,1,0.514167,0.752533,0.483333,0.138683,5818.814222716618
1,4,10,0,1,1,2,0.3025,0.457696,0.711667,0.343279,3688.223486842092
2,2,5,0,0,1,1,0.440833,0.238461,0.487083,0.183454,4206.904574678887
3,2,6,0,1,1,1,0.541667,0.223317,0.519167,0.147379,5340.136704067037
4,4,8,0,0,1,1,0.5025,0.61555,0.804783,0.1306,5262.282031461565
5,2,1,0,1,1,2,0.231304,0.654683,0.902083,0.141796,2677.792356304197
6,2,1,0,1,1,1,0.280833,0.564392,0.863333,0.345779,2539.0877316208152
7,1,6,0,5,1,2,0.643333,0.747479,0.489167,0.0982583,5943.608879172937
8,2,5,0,3,1,2,0.733333,0.387604,0.625417,0.128125,5159.772385823919
9,4,1,0,3,0,2,0.653333,0.576404,0.575417,0.094113,6387.518088619741
10,1,5,0,1,1,1,0.353333,0.553025,0.701667,0.260575,3073.8846037011226
11,4,6,0,3,1,1,0.696667,0.785967,0.697083,0.118792,5808.934659097913
12,2,7,0,3,0,1,0.341667,0.461475,0.7625,0.209571,3185.0417959150986
13,2,2,0,6,0,1,0.818333,0.116175,0.64375,0.226987,4623.272930413392
14,4,7,0,6,0,1,0.62,0.724121,0.651739,0.20585,5592.88998736459
15,4,11,0,6,1,2,0.269167,0.707088,0.49,0.111329,5093.046014585939
16,2,12,0,2,1,1,0.543333,0.645846,0.686364,0.152979,5697.54613377014
17,3,8,0,0,1,1,0.319167,0.513258,0.492917,0.0578458,4796.037464674825
18,4,6,0,6,0,1,0.2225,0.414121,0.41,0.151121,4374.882633725425
19,2,11,0,1,1,1,0.291667,0.734217,0.457917,0.241925,4489.275634583114
20,1,4,0,0,1,1,0.728333,0.550533,0.815,0.103863,5162.447012614579
21,3,11,0,5,0,1,0.495,0.261988,0.57,0.146133,5506.027946314648
22,3,11,0,3,1,2,0.728333,0.212122,0.615833,0.155471,5615.512081930591
23,1,12,0,5,1,1,0.564167,0.266421,0.42625,0.248539,5824.630736044562
24,4,5,0,4,1,1,0.416667,0.149548,0.664167,0.157971,3533.1853763232266
25,1,4,0,4,0,2,0.5325,0.515133,0.74625,0.123142,5680.535502346993
26,2,11,0,6,0,1,0.303333,0.315535,0.83125,0.233204,2084.5339914892934
27,1,2,0,6,0,2,0.531667,0.669833,0.609167,0.0895652,5998.901928854187
28,1,4,0,0,1,1,0.253043,0.6793,0.580417,0.278612,3593.1116212107395
29,4,12,0,5,0,1,0.7225,0.627529,0.504167,0.198992,6782.942119585305
30,4,9,1,0,1,3,0.144348,0.644579,0.6275,0.210821,4398.395349745084
31,3,1,0,1,0,1,0.166667,0.389508,0.791667,0.168529,2463.9947325902644
32,2,2,0,3,0,1,0.595652,0.6067,0.688333,0.0814833,6206.16507079131
33,3,11,0,4,1,1,0.425833,0.531567,0.897917,0.175383,2969.9372545449028
34,1,6,0,1,0,1,0.389167,0.392046,0.948261,0.228858,2192.64940700223
35,3,12,0,3,1,2,0.57,0.697621,0.594583,0.168533,6182.145110293971
36,1,9,0,3,1,1,0.464167,0.637008,0.655652,0.135571,5543.27253128419
37,4,3,0,1,1,2,0.489167,0.245579,0.797083,0.115522,4680.738647157869
38,4,3,0,3,1,2,0.172727,0.595967,0.350417,0.161079,4862.467429221684
39,3,5,0,1,1,1,0.55,0.298422,0.494783,0.1538,5609.9557315260645
40,3,1,0,3,1,2,0.599167,0.281563,0.636667,0.132467,5189.537564020879
41,2,2,0,2,1,2,0.815833,0.397083,0.60125,0.190929,4805.122519050711
42,1,2,0,3,0,2,0.4875,0.654692,0.74,0.258092,4387.860757503986
43,3,3,0,4,0,1,0.5075,0.160473,0.333478,0.1275,5095.885262570111
44,1,4,0,2,1,2,0.296667,0.331433,0.60375,0.375617,2734.7440102291225
45,1,1,0,1,1,1,0.298333,0.396454,0.6575,0.132463,2995.675091129476
46,2,5,0,3,0,1,0.463333,0.4564,0.57375,0.205229,5141.850053072212
47,3,2,0,0,1,2,0.716667,0.621854,0.631667,0.0995125,5847.22789456769
48,1,4,0,4,1,2,0.468333,0.321329,0.629167,0.138058,4424.175927699012
49,3,9,0,5,1,1,0.484167,0.457058,0.697391,0.082725,5710.5388832526905
50,4,11,0,2,0,1,0.19,0.616804,0.681667,0.0727792,4440.79052911271
51,3,2,0,2,1,2,0.498333,0.538521,0.450833,0.226996,5686.893895034023
52,2,12,0,5,1,1,0.669167,0.611129,0.56875,0.216412,6949.957336351705
53,2,4,0,4,1,1,0.696667,0.243058,0.538333,0.1648,5449.280828992017
54,4,11,0,0,1,1,0.344348,0.512625,0.6725,0.1306,4982.3395195786925
55,4,3,0,3,1,1,0.533333,0.725383,0.810833,0.253112,4525.000878109798
56,4,5,0,6,1,1,0.726667,0.662896,0.695,0.134954,6093.135124216328
57,1,12,0,4,1,2,0.540833,0.157833,0.59,0.210833,5198.591236366015
58,3,4,0,0,1,2,0.655833,0.351629,0.79625,0.212692,3810.3714423951596
59,4,2,0,4,0,2,0.318182,0.361104,0.400833,0.197146,4623.639788685978
60,2,1,1,5,1,1,0.4075,0.35967,0.522083,0.190913,4434.308489051959
61,2,11,0,3,0,1,0.344167,0.594704,0.69,0.129796,3925.1703704151423
62,2,5,0,4,1,1,0.595,0.282821,0.66375,0.129975,5116.0064453190125
63,4,3,0,5,1,1,0.684167,0.430537,0.5225,0.192783,6189.5926098138
64,3,7,0,6,0,2,0.223478,0.22927,0.437391,0.173517,2452.811338515054
65,1,7,0,5,1,2,0.407273,0.510742,0.655,0.238804,3590.931260281619
66,1,12,0,5,1,1,0.66,0.451375,0.67,0.100133,6556.200495544845
67,2,6,0,0,0,1,0.291304,0.309909,0.613333,0.133696,3275.25437925553
68,3,5,0,1,0,1,0.604167,0.5152,0.41125,0.131846,6183.285425990437
69,1,10,0,1,1,2,0.384167,0.310604,0.5475,0.230725,2904.0151248921784
70,1,10,0,1,0,2,0.3,0.426129,0.74125,0.1816,2886.3885422398525
71,3,3,0,0,0,2,0.58,0.428017,0.704167,0.2214,4764.389295850642
72,2,8,0,4,0,1,0.685833,0.638254,0.722174,0.282337,5170.771013363465
73,1,10,0,2,1,2,0.6925,0.186033,0.684583,0.407346,4324.650060310069
74,3,12,0,5,0,2,0.706667,0.450121,0.722917,0.162317,5622.603822999058
75,1,6,0,1,1,2,0.4375,0.532833,0.880833,0.199642,3089.9626402087106
76,3,3,0,5,1,2,0.635,0.301767,0.787917,0.120642,4975.013864384783
77,1,12,0,6,1,1,0.659167,0.329538,0.5425,0.221935,6051.203939104981
78,1,10,0,5,1,2,0.413333,0.705196,0.62375,0.189679,4289.358100186433
79,2,3,0,1,1,1,0.583333,0.53915,0.696087,0.229479,5125.3943297715605
80,1,2,0,1,1,1,0.316522,0.493046,0.630833,0.126871,4111.912379056605
81,2,6,0,4,1,1,0.278333,0.390133,0.471667,0.197763,4236.629919689276
82,2,12,0,4,1,1,0.53,0.826371,0.69,0.236937,5535.878058718973
83,1,9,0,5,1,1,0.763333,0.512,0.407083,0.187183,6708.602476115813
84,3,6,0,0,1,2,0.274783,0.405921,0.7475,0.224496,2430.1181750226706
85,4,6,0,4,1,2,0.446667,0.380671,0.513333,0.0827208,5623.703850374793
86,4,9,0,5,1,1,0.550833,0.574512,0.776667,0.385571,5059.211645202622
87,3,8,0,4,1,2,0.619167,0.6894,0.616957,0.231358,5757.903712382514
88,4,10,0,5,0,1,0.7475,0.409708,0.503913,0.174758,6394.089216905492
89,1,11,0,0,1,1,0.15,0.648367,0.543333,0.22825,3798.660627560003
90,1,4,0,0,0,1,0.261739,0.604808,0.622083,0.211454,3650.418863454079
91,3,1,0,3,1,1,0.4725,0.587754,0.540833,0.365671,5516.494077208175
92,1,12,0,2,0,1,0.446667,0.324483,0.36,0.166667,5073.822908685569
93,2,5,0,5,1,2,0.264348,0.642696,0.658333,0.113817,4109.909588647224
94,4,2,0,1,1,2,0.353333,0.482942,0.649167,0.179721,4676.936348163009
95,2,5,0,0,0,1,0.6025,0.35605,0.558333,0.110704,5593.434931645043
96,1,1,0,1,1,2,0.526667,0.686871,0.789167,0.1869,4819.305707561068
97,3,9,0,2,1,1,0.475833,0.569442,0.622174,0.22575,5738.15790695924
98,3,7,0,2,1,2,0.764167,0.690017,0.613333,0.304108,5271.101467290699
99,4,6,0,0,1,1,0.321739,0.398971,0.50625,0.245033,4765.843852714986
100,4,3,0,6,1,1,0.6675,0.390767,0.534583,0.201487,5959.241777721119
101,4,6,0,4,1,1,0.415,0.703925,0.618333,0.110708,5072.036222386404
102,1,1,0,0,0,2,0.623333,0.587133,0.529583,0.126883,6189.93570231048
103,3,5,0,2,1,3,0.65,0.532825,0.83125,0.30535,4185.70381368545
104,1,12,0,2,1,1,0.554167,0.6471,0.789583,0.151737,5476.734633787941
105,2,7,0,4,1,1,0.414167,0.119337,0.464583,0.306596,2675.303071243449
106,4,2,0,3,0,1,0.399167,0.338383,0.375833,0.194037,4698.404772131235
107,2,11,0,2,0,2,0.636667,0.126275,0.786667,0.190925,4341.6109883700665
108,3,2,1,1,1,1,0.16087,0.708983,0.613333,0.291671,3725.307219390013
109,2,11,0,2,0,1,0.320833,0.553671,0.800417,0.187187,3413.0959846419637
110,2,2,0,2,0,1,0.554167,0.483583,0.697917,0.289796,5137.95642248489
111,3,12,0,0,1,1,0.285217,0.710246,0.552917,0.250496,4428.260636170252
112,3,3,0,4,0,2,0.464167,0.572613,0.574167,0.118792,5671.1751761096275
113,4,6,0,2,1,2,0.356667,0.350461,0.518261,0.0746375,4947.114166674186
114,3,7,0,6,1,1,0.38,0.198246,0.885417,0.208954,1877.534228109981
115,1,10,0,6,0,1,0.743333,0.457067,0.587917,0.277752,6576.650537732759
116,2,1,0,1,1,1,0.700833,0.732337,0.699167,0.149871,5524.936018612733
117,3,11,0,5,1,1,0.7025,0.427513,0.81125,0.0597042,5606.757542345958
118,1,4,0,0,1,1,0.55,0.616167,0.68,0.0945458,5816.366797267247
119,2,8,0,5,0,1,0.731667,0.659733,0.42375,0.258713,6075.625294236746
120,4,4,0,6,1,2,0.308696,0.297338,0.84875,0.233842,3002.666069784082
121,1,5,0,2,1,2,0.715833,0.47095,0.437083,0.187552,5743.063050567343
122,2,5,0,6,1,2,0.6975,0.565067,0.469583,0.17197,6240.593181928034
123,3,11,0,1,1,1,0.3975,0.323221,0.87,0.291374,2064.5152631376022
124,4,9,0,1,1,2,0.708333,0.362358,0.502083,0.236325,6064.658051646314
125,2,8,0,6,1,2,0.343333,0.565667,0.83875,0.20275,2990.8528854550977
126,1,1,0,4,1,1,0.325833,0.527009,0.67375,0.0989,3990.4246638470277
127,1,9,0,5,1,1,0.77,0.228587,0.427917,0.116929,5641.707972109467
128,2,5,0,3,1,1,0.738333,0.790396,0.771667,0.153617,5410.975629914645
129,1,12,0,1,1,2,0.5425,0.595996,0.537917,0.1331,6655.45990502033
130,2,4,0,1,1,1,0.248333,0.321954,0.530417,0.133721,3227.5649240075645
131,3,4,0,6,0,1,0.315833,0.277767,0.6,0.117537,3346.563661005102
132,3,12,0,0,0,1,0.5375,0.729796,0.842083,0.238813,4443.390431750322
133,3,11,0,3,0,1,0.5325,0.3851,0.59,0.174754,5819.522864595446
134,2,5,0,0,0,1,0.595,0.351629,0.812917,0.350754,3686.0832253888334
135,4,10,0,2,1,3,0.180833,0.529688,0.645,0.168726,4582.724328643483
136,3,4,0,1,0,2,0.590833,0.257574,0.620417,0.231017,4896.136432192624
137,2,5,0,5,1,3,0.292174,0.389504,0.837917,0.274871,2123.8402427527362
138,1,11,0,0,1,1,0.415,0.651521,0.535,0.0833458,4547.433777233548
139,1,6,0,3,1,1,0.7175,0.675512,0.437273,0.221396,5953.810486147749
140,3,12,0,2,1,1,0.265833,0.578929,0.590417,0.196521,4361.457222764866
141,4,2,0,3,1,2,0.4725,0.527142,0.632917,0.165425,5108.47981564671
142,2,10,0,2,1,2,0.789167,0.421713,0.61375,0.0622083,6214.759555651739
143,1,8,0,5,0,1,0.215833,0.0790696,0.583333,0.118167,1632.2703055136126
144,1,11,0,2,0,1,0.529167,0.250322,0.494583,0.164187,5477.834297087335
145,1,1,0,3,1,2,0.561667,0.571975,0.415,0.237567,5903.784583286567
146,2,1,0,0,1,1,0.196364,0.696338,0.85,0.269283,2396.3094939752236
147,2,12,0,4,1,2,0.528333,0.25505,0.585217,0.162938,5430.702110808892
148,4,4,0,5,1,1,0.329167,0.670483,0.526667,0.230725,5018.020985104375
149,3,12,0,3,1,2,0.3125,0.674254,0.590417,0.1107,4695.673663129873
150,2,9,0,4,0,1,0.2925,0.630692,0.734783,0.207713,3314.531918109213
151,2,12,0,4,1,1,0.743333,0.464021,0.516667,0.0920542,6870.539138130343
152,4,7,0,1,1,1,0.781667,0.390779,0.5075,0.139929,5517.302571809358
153,4,7,0,0,1,1,0.709167,0.355425,0.539167,0.167912,5988.992734162482
154,3,7,0,5,1,2,0.4725,0.728537,0.68625,0.215175,4915.006028374648
155,1,1,0,2,0,1,0.764167,0.375621,0.592083,0.164183,4983.110282865087
156,3,7,0,5,1,1,0.601667,0.324479,0.75875,0.142421,4817.849828410007
157,3,10,0,2,1,1,0.203478,0.191464,0.50875,0.341352,2206.134871000715
158,1,11,0,5,1,1,0.700833,0.729804,0.73375,0.227604,5520.830253381566
159,3,6,0,3,1,1,0.570833,0.649,0.835417,0.215792,4588.437146696898
160,3,5,0,3,1,2,0.352174,0.428658,0.423478,0.314675,4426.314828785582
161,4,2,0,2,1,2,0.289167,0.295113,0.867083,0.134958,3519.877658222948
162,3,5,0,6,1,1,0.730833,0.585863,0.455417,0.208317,6338.147794068975
163,2,10,0,4,1,2,0.1075,0.55305,0.670417,0.162312,3818.019412068579
164,2,10,0,4,0,1,0.326667,0.27733,0.407826,0.170396,3498.6765854441637
165,4,3,0,1,1,1,0.753333,0.323846,0.570833,0.133083,5485.930357057612
166,1,12,1,1,1,1,0.575,0.318826,0.567083,0.177867,5806.392525209231
167,4,4,0,3,0,1,0.375,0.476638,0.61125,0.169771,4731.344471158456
168,2,4,0,3,1,1,0.68,0.294192,0.4975,0.179725,5465.359283885681
169,1,3,0,4,1,1,0.165,0.248742,0.642083,0.164179,1515.8193997510962
170,2,6,0,6,1,2,0.616667,0.435575,0.535417,0.441563,6023.0433039375
171,3,1,1,5,1,2,0.400833,0.303021,0.65125,0.386821,2849.9217165136934
172,1,8,0,0,1,1,0.255833,0.253154,0.513333,0.277354,2165.580899926126
173,2,5,0,0,1,2,0.353333,0.652779,0.6825,0.189067,3578.023221624875
174,4,9,0,5,0,1,0.491667,0.554963,0.552083,0.143679,6700.614638462024
175,1,9,0,6,0,1,0.530833,0.257575,0.5475,0.187808,5739.6514358252525
176,4,9,0,3,0,3,0.321667,0.378779,0.694583,0.124375,4115.365169001024
177,3,10,0,5,1,2,0.564167,0.438112,0.865417,0.343287,3413.2644804008382
178,3,4,0,2,1,1,0.808333,0.635104,0.93,0.261817,3222.863602340935
179,4,10,0,4,0,2,0.564167,0.32575,0.439167,0.235075,6036.3023803300375
180,2,4,0,1,1,1,0.1775,0.318812,0.83625,0.102,2141.0069950131196
181,4,8,0,0,1,2,0.703333,0.188413,0.794583,0.0833333,4839.189875405653
182,3,6,0,1,0,1,0.664167,0.387608,0.7375,0.10855,4665.964734387655
183,1,8,0,0,1,1,0.316522,0.474117,0.654583,0.122512,3719.3904458952925
184,1,4,0,6,0,1,0.1275,0.525246,0.537917,0.136926,3890.6398535563476
185,2,2,0,0,1,1,0.348333,0.425492,0.716956,0.268025,2978.6919303210743
186,3,1,0,6,1,1,0.656667,0.475371,0.6925,0.212062,5521.837267028892
187,1,6,0,1,0,2,0.441667,0.607962,0.507083,0.148021,5351.10316514954
188,1,8,0,1,1,1,0.793333,0.745583,0.835417,0.06345,4999.599443312695
189,2,7,0,0,1,2,0.138333,0.265788,0.717917,0.151742,2261.177603574916
190,3,8,0,2,0,2,0.28,0.324492,0.757917,0.296037,2231.85003832101
191,1,11,0,1,1,1,0.2975,0.761367,0.47625,0.166667,4260.230251458836
192,3,2,0,0,1,2,0.710833,0.272725,0.67625,0.088913,5163.642544813298
193,3,4,0,2,0,2,0.313333,0.341891,0.534583,0.148008,4219.789969457117
194,4,1,0,4,1,3,0.3375,0.470317,0.64375,0.121896,5028.330426053367
195,1,3,0,1,1,2,0.0591304,0.624383,0.737083,0.263063,2760.3071146375164
196,2,6,0,3,0,1,0.459167,0.5499,0.402917,0.138692,5912.5130361240035
197,4,12,0,3,0,2,0.3175,0.686888,0.685,0.129354,4839.786503429544
198,4,3,0,4,1,1,0.703333,0.210867,0.630833,0.133721,5435.9629590362
199,2,10,0,5,1,1,0.521667,0.150883,0.50875,0.301,5539.857007640909
200,2,7,0,2,1,2,0.4225,0.542929,0.554583,0.200875,4679.471725365833
201,3,12,0,6,0,2,0.359167,0.537242,0.531667,0.236321,4841.011259010707
202,3,3,0,3,0,2,0.613333,0.455796,0.597917,0.113812,5956.336240886322
203,4,12,0,2,1,2,0.650833,0.3491,0.642917,0.131221,5974.673513985141
204,2,11,0,1,1,1,0.6175,0.337746,0.917083,0.164796,3102.3609056877012
205,1,2,0,5,0,1,0.317391,0.234526,0.683333,0.368167,1723.2550230656143
206,4,5,0,0,0,2,0.238333,0.472842,0.664167,0.283587,4073.473713622147
207,2,8,0,5,0,1,0.173333,0.461483,0.674167,0.101379,3815.419791451737
208,4,9,0,6,1,1,0.4225,0.393937,0.502917,0.222025,4905.5318892954965
209,4,10,0,4,1,1,0.375,0.301138,0.791304,0.179729,3495.801982161087
210,3,2,0,0,0,3,0.376667,0.451988,0.6525,0.149883,3898.9357973850897
211,1,7,0,5,1,2,0.6825,0.618071,0.500417,0.0702833,6489.6580542269485
212,4,7,0,3,1,1,0.744167,0.571971,0.568333,0.134954,6266.4078218353025
213,1,5,0,1,1,2,0.536667,0.7399,0.8175,0.115054,5164.643995799402
214,2,6,0,2,0,1,0.408333,0.161625,0.702083,0.161071,2132.5621669889533
215,3,2,0,4,1,1,0.53,0.70645,0.54125,0.18595,5605.506608684631
216,1,7,0,1,0,1,0.454167,0.421708,0.559167,0.155475,5335.666686689701
217,3,2,0,0,0,1,0.735833,0.527138,0.68375,0.10635,5673.607399196193
218,4,11,0,4,1,2,0.793333,0.666671,0.654167,0.284833,5655.8606288794845
219,2,1,0,6,0,1,0.750833,0.685633,0.793043,0.126258,5810.862850940159
220,1,6,0,1,0,2,0.33,0.227913,0.492917,0.300383,2247.203376146309
221,2,4,0,4,0,1,0.323333,0.687508,0.929167,0.23297,2605.253076660636
222,1,4,0,2,1,1,0.4125,0.283454,0.62,0.230104,2748.886493360208
223,1,1,0,3,1,1,0.505833,0.282192,0.885417,0.1561,3157.160551145298
224,4,6,0,2,1,1,0.39,0.699508,0.582083,0.101371,5069.975432643278
225,4,2,0,5,1,1,0.279167,0.722867,0.44625,0.187808,4986.866938353875
226,4,9,0,3,1,2,0.5025,0.441917,0.567083,0.100754,6319.057528803762
227,4,4,0,2,1,2,0.5775,0.16225,0.396667,0.15833,5515.673999289673
228,2,4,0,1,1,1,0.5625,0.279974,0.414583,0.243787,5183.3310020117015
229,1,11,0,0,0,1,0.615,0.177878,0.537826,0.253733,5400.918834127466
230,2,3,0,0,1,1,0.746667,0.39835,0.377083,0.17725,5378.488515621025
231,2,11,0,2,1,1,0.709167,0.518933,0.47375,0.320908,6433.510055144134
232,1,12,0,0,0,1,0.258333,0.340258,0.66875,0.199638,2413.365752417687
233,3,7,0,0,0,1,0.375833,0.43875,0.561765,0.213938,4343.8748704628315
234,1,3,0,3,0,2,0.51,0.324113,0.525217,0.113187,5144.810607727191
235,4,7,0,3,1,1,0.639167,0.2036,0.622917,0.151742,5565.846712275648
236,1,11,0,2,0,2,0.485,0.315654,0.70125,0.0665417,4593.153752414419
237,4,5,0,2,1,2,0.18,0.333946,0.54,0.110087,4423.996579971239
238,3,6,1,0,1,1,0.5325,0.18625,0.762083,0.154229,4277.441808703733
239,4,6,0,1,0,2,0.695,0.275254,0.57,0.183471,5515.532817482228
240,2,9,0,1,1,1,0.220833,0.707717,0.625833,0.103246,4101.1003338323135
241,3,1,0,0,1,1,0.41,0.524604,0.498696,0.296029,4569.443001564393
242,2,8,0,2,1,2,0.733333,0.664788,0.552083,0.254367,5859.106808184928
243,4,3,0,0,0,1,0.561667,0.378779,0.46625,0.168726,5650.3017238801895
244,1,4,0,6,1,2,0.2225,0.564412,0.57375,0.118171,3839.8869246389786
245,4,2,0,2,1,2,0.635,0.566908,0.7675,0.115671,5516.38006377514
246,2,3,0,3,1,2,0.715833,0.500629,0.729583,0.271146,4733.760582443908
247,1,7,1,5,0,1,0.485833,0.703292,0.550833,0.316546,5426.67061034262
248,3,1,0,6,0,1,0.546667,0.357954,0.738333,0.125008,4995.341998923931
249,2,4,0,3,0,2,0.435833,0.724125,0.467917,0.190917,5134.315466870271
250,2,11,0,0,1,2,0.655833,0.656583,0.505,0.266804,6282.200753705049
251,4,1,0,3,1,1,0.354167,0.611117,0.949583,0.172896,3310.221280386213
252,2,10,0,5,1,1,0.510833,0.755683,0.742083,0.1673,5550.572227450623
253,4,6,0,5,1,1,0.435833,0.337939,0.833333,0.347633,3477.2694530751414
254,3,1,0,4,1,2,0.274167,0.522721,0.605,0.184087,4180.135918254539
255,4,6,0,6,1,3,0.4375,0.410971,0.888333,0.222642,3025.2141583680655
256,3,8,0,1,1,1,0.415833,0.353525,0.633333,0.172883,3912.2573676190536
257,2,3,0,0,0,2,0.198333,0.4015,0.489167,0.134329,3613.8028920621964
258,1,7,0,5,1,1,0.5,0.480425,0.589583,0.212204,5458.539753628069
259,1,4,0,2,1,1,0.282609,0.0988391,0.594583,0.123767,2036.8031246609155
260,3,2,0,6,1,3,0.341667,0.462742,0.749583,0.163567,3623.3025785181426
261,1,6,0,2,1,2,0.771667,0.431163,0.530417,0.234471,5429.997161385498
262,1,10,0,6,1,1,0.745833,0.507579,0.489583,0.207713,6809.82859950273
263,3,8,0,6,1,2,0.264167,0.320071,0.515833,0.172267,3536.3508792962125
264,1,12,0,2,1,1,0.290833,0.208839,0.918333,0.374383,1462.420333562576
265,4,5,0,5,1,2,0.19,0.529042,0.476957,0.2954,4627.523336571829
266,4,5,0,0,1,1,0.581667,0.637008,0.6875,0.167912,5598.470713076531
267,4,7,0,6,1,2,0.566667,0.183087,0.6125,0.281104,5364.343366339992
268,1,1,0,4,1,2,0.695833,0.504404,0.772083,0.195683,4795.883947126411
269,2,8,0,2,1,2,0.653333,0.213509,0.420833,0.3265,5107.893346716154
270,3,4,0,2,1,1,0.678333,0.460846,0.7075,0.189667,5154.887936297892
271,2,3,0,5,1,2,0.626667,0.585238,0.8775,0.145365,3572.1661389333767
272,3,9,0,1,1,2,0.673333,0.536,0.886957,0.240063,3177.276775741608
273,2,11,0,2,0,1,0.433913,0.6269,0.549167,0.173513,5642.633442354296
274,3,4,0,3,1,1,0.4575,0.613025,0.699167,0.284829,4743.394982884075
275,4,3,0,1,1,1,0.6275,0.257571,0.66625,0.144904,5351.230244672112
276,3,11,0,5,1,2,0.4275,0.645858,0.9625,0.236329,2669.6340128544493
277,4,5,0,5,1,1,0.630833,0.624371,0.779583,0.1107,5858.941770380214
278,1,6,0,5,1,1,0.466667,0.631329,0.939565,0.19715,3321.5939234116504
279,1,7,0,6,1,1,0.243333,0.433696,0.677083,0.0964042,3349.4637628565956
280,4,9,0,0,1,2,0.794167,0.487996,0.907083,0.121896,3349.0951145770323
281,2,11,0,5,0,2,0.273043,0.270833,0.665833,0.0423042,2819.67677913028
282,2,2,0,2,1,2,0.775,0.364892,0.776522,0.232583,3791.7045358125592
283,1,5,0,0,0,2,0.276667,0.478512,0.716087,0.186562,3061.4779514289926
284,4,10,0,1,1,2,0.435833,0.697604,0.569583,0.266175,5165.507067275624
285,2,11,0,4,0,1,0.54,0.32575,0.76125,0.172888,4797.893682401286
286,4,4,0,6,1,1,0.469167,0.412863,0.729167,0.226375,4403.852839987184
287,2,9,0,5,0,2,0.378333,0.518933,0.71375,0.171025,3698.759826163464
288,3,4,0,4,1,2,0.463333,0.278412,0.535833,0.06345,5275.556682427263
289,2,10,1,0,0,1,0.68,0.306817,0.729583,0.271158,4321.243808356172
290,2,12,0,5,1,1,0.3,0.596613,0.602917,0.141179,4716.122917717728
291,1,1,0,2,1,1,0.703333,0.410333,0.81,0.151733,4603.119652659343
292,3,10,0,0,1,1,0.435,0.391404,0.556667,0.244408,5005.777792174194
293,3,5,0,5,1,2,0.0973913,0.542925,0.694583,0.225129,3170.2162491765916
294,3,3,0,3,1,1,0.5275,0.281558,0.572917,0.139308,5344.905706926045
295,4,10,0,1,1,1,0.628333,0.661629,0.6775,0.0908083,6278.439355755506
296,4,3,0,0,0,3,0.196522,0.667308,0.756667,0.114429,3901.6116541074725
297,3,3,0,2,1,1,0.3475,0.232954,0.728333,0.220158,2013.0609511293853
298,4,7,0,6,1,2,0.192174,0.573875,0.657083,0.136817,4714.607014909065
299,2,10,0,3,1,2,0.720833,0.359842,0.360417,0.077125,6206.114534221504
300,1,7,0,6,1,1,0.5425,0.590296,0.716667,0.342667,5320.3275325467475
301,1,1,0,5,1,2,0.655,0.255675,0.613333,0.1163,5344.632493262237
302,4,9,0,5,0,1,0.5775,0.652162,0.29,0.10635,6924.316165696753
303,3,9,0,4,1,1,0.636667,0.690025,0.62125,0.153608,6516.661454267615
304,3,5,0,3,1,1,0.319167,0.638263,0.819167,0.10635,3644.4767114693022
305,2,12,0,1,0,1,0.526667,0.544179,0.5775,0.236937,6524.355095448624
306,1,1,0,2,1,2,0.780833,0.390146,0.681304,0.274879,4359.779077344459
307,1,4,0,6,1,1,0.459167,0.289191,0.700833,0.144904,4330.980604408944
308,2,4,0,6,1,1,0.325217,0.39835,0.507917,0.324021,4174.824493878207
309,3,2,0,0,1,1,0.72,0.714642,0.777917,0.2466,4420.049990143784
310,2,3,1,4,1,2,0.755833,0.375621,0.6175,0.0223917,5506.841372824302
311,2,7,0,5,1,3,0.606667,0.419813,0.254167,0.141787,6135.570235894171
312,1,7,0,3,0,2,0.373043,0.472846,0.737391,0.3582,2899.704049606294
313,1,6,0,0,1,1,0.639167,0.272721,0.766667,0.344546,3755.1457082591837
314,3,2,0,3,0,1,0.520833,0.190038,0.637917,0.155471,4819.777488514232
315,4,1,0,4,0,1,0.544167,0.595346,0.561667,0.233221,6122.4325573937695
316,3,5,0,6,1,2,0.635833,0.272721,0.45625,0.100742,5754.238641897526
317,1,12,0,4,0,1,0.65,0.279961,0.596667,0.160296,5710.756566621623
318,1,4,0,1,1,1,0.368333,0.668575,0.483333,0.0609583,4374.226783959208
319,3,12,0,6,1,2,0.335,0.3611,0.743333,0.165429,2907.238664537476
320,4,1,0,4,1,2,0.7225,0.667933,0.6525,0.165417,5598.024283662068
321,2,7,0,1,0,1,0.471667,0.654688,0.490833,0.22015,5684.475429282048
322,3,4,0,5,1,1,0.245833,0.578946,0.486667,0.235692,4281.889593577559
323,3,10,0,5,1,1,0.648333,0.409735,0.44125,0.192175,6470.021981298922
324,1,12,0,3,1,1,0.189091,0.316904,0.645417,0.118167,2113.367711402838
325,4,6,0,0,0,1,0.723333,0.517663,0.5425,0.104475,6331.646396162996
326,3,2,0,1,1,2,0.274167,0.544829,0.53875,0.340808,4239.901427614317
327,3,9,0,3,0,1,0.654167,0.607958,0.88,0.312139,3335.1751095110185
328,1,6,0,4,1,2,0.746667,0.583967,0.551304,0.128733,6330.2669621526065
329,4,7,0,0,1,2,0.7525,0.323867,0.72875,0.184696,4717.90501529385
330,3,8,0,5,1,1,0.71,0.259471,0.752917,0.047275,5087.563676912167
331,1,3,0,3,1,1,0.634167,0.656567,0.719583,0.08645,6033.632533411274
332,3,11,0,0,1,2,0.365833,0.570075,0.639167,0.154846,4254.564411760741
333,1,2,0,6,1,1,0.404167,0.223487,0.496957,0.219521,2488.9820346891265
334,4,4,0,1,1,1,0.3775,0.466538,0.845833,0.209575,3346.780152611535
335,4,4,0,2,1,2,0.595833,0.5284,0.592083,0.222587,5658.833728138696
336,2,8,0,5,1,1,0.255833,0.513848,0.79375,0.234261,3101.8060389250522
337,4,1,0,4,1,1,0.678333,0.255679,0.485833,0.3122,5538.515142150448
338,2,12,0,2,0,2,0.469167,0.466525,0.735833,0.289686,4713.014365454201
339,1,8,0,2,0,2,0.408333,0.417283,0.615,0.195904,3461.3576535283405
340,1,3,0,2,0,1,0.598333,0.571975,0.395833,0.175996,6208.280115499891
341,2,1,0,3,0,1,0.849167,0.532217,0.823333,0.221404,4600.761866186366
342,2,4,0,4,1,2,0.746667,0.364278,0.45625,0.154233,5466.356762796632
343,2,8,0,2,1,1,0.325,0.648996,0.692917,0.142404,3832.661286468754
344,3,10,0,3,1,1,0.46,0.254417,0.672917,0.184309,4333.75046126007
345,2,11,0,3,1,1,0.5775,0.652792,0.709167,0.1847,5501.682621571609
346,4,10,0,4,1,2,0.451667,0.323225,0.769583,0.228858,4174.659459464414
347,2,3,0,0,1,1,0.355,0.359825,0.7625,0.281717,2378.967493353988
348,4,7,0,6,1,2,0.5975,0.385087,0.757917,0.325258,4220.547780951479
349,1,5,0,6,1,1,0.265833,0.3162,0.91125,0.324474,1982.8606902503307
350,4,7,0,0,1,1,0.707059,0.101658,0.555652,0.186571,5723.418865971984
351,1,6,0,6,1,1,0.345,0.299242,0.81875,0.223267,2099.858597849743
352,3,5,0,6,1,1,0.716667,0.397088,0.712083,0.18845,4839.114683231972
353,1,11,0,2,1,1,0.725833,0.392667,0.703333,0.0957833,4921.99952047345
354,4,8,0,4,0,1,0.7,0.375621,0.605,0.34913,5699.135331460547
355,2,4,0,0,1,1,0.266667,0.457046,0.494583,0.174129,4414.339193825932
356,3,9,0,2,1,1,0.393333,0.580825,0.44125,0.178479,5012.142671256491
357,3,1,0,6,1,1,0.44,0.493054,0.755,0.261821,4012.281653193622
358,3,8,0,0,0,1,0.696667,0.610488,0.314167,0.174746,6249.99274915198
359,2,4,0,6,1,3,0.534167,0.357942,0.550833,0.237562,5392.251056311138
360,1,8,0,6,1,1,0.175833,0.603554,0.479583,0.171638,4061.578063163101
361,3,2,0,0,1,1,0.661667,0.618696,0.659583,0.144287,5671.13442308278
362,2,9,0,1,1,1,0.503478,0.786613,0.9225,0.183463,3390.6060957720815
363,4,10,0,6,1,1,0.521667,0.236113,0.670833,0.215804,5334.040542533734
364,4,12,0,2,0,2,0.204348,0.654042,0.764167,0.200254,3555.807285209232
365,4,3,0,3,1,2,0.631667,0.666042,0.614167,0.205846,5456.055112853296
366,4,1,0,2,0,1,0.663333,0.597875,0.69,0.124383,5974.581796478267
367,2,12,0,6,1,1,0.363478,0.450108,0.619583,0.164813,4652.231606382292
368,1,4,0,6,1,1,0.765833,0.457038,0.7325,0.157963,5592.227836308205
369,4,11,0,1,1,2,0.2825,0.309346,0.848333,0.163567,3261.729478308868
370,3,10,0,6,1,1,0.538333,0.693829,0.6225,0.228246,6520.250854082444
371,3,2,0,6,0,1,0.776667,0.510725,0.57,0.0615708,6066.088636588163
372,2,8,0,5,0,2,0.475833,0.2424,0.573333,0.222013,4827.573616566554
373,4,3,0,3,1,1,0.5525,0.5745,0.623333,0.292287,5715.326207316106
374,2,6,0,2,0,1,0.765,0.751267,0.6375,0.13495,5031.0112777652275
375,1,1,0,1,1,1,0.346957,0.293558,0.542083,0.0721458,3279.026756665838
376,1,10,0,2,0,1,0.688333,0.482304,0.6425,0.0939208,6359.879446448753
377,3,7,0,5,1,1,0.403333,0.570067,0.495,0.0839583,4974.586747964822
378,1,5,0,0,1,1,0.29913,0.52275,0.463333,0.507463,3957.121756856621
379,3,2,0,2,1,2,0.0965217,0.381317,0.7075,0.268033,2257.4443516990227
380,1,10,0,2,1,1,0.7775,0.511983,0.756667,0.36195,4774.320949970541
381,1,12,0,4,1,1,0.373333,0.351109,0.65125,0.185333,2913.867107281229
382,1,7,0,4,1,1,0.731667,0.60213,0.465,0.191542,6076.741052521379
383,2,5,0,2,1,1,0.7175,0.604813,0.48125,0.271779,6031.815684940379
384,4,12,0,3,1,1,0.505833,0.544229,0.5875,0.113837,6540.689421331333
385,4,6,0,4,1,1,0.261667,0.503154,0.485833,0.122132,4989.143765212775
386,2,11,0,5,1,2,0.254167,0.220958,0.49125,0.214546,2449.673543987631
387,1,3,0,0,1,2,0.393333,0.440642,0.416667,0.104467,4107.756279513389
388,3,8,0,2,1,1,0.195,0.542292,0.630833,0.250617,3855.3309333580296
389,3,8,0,4,0,2,0.4675,0.579558,0.845,0.232596,4104.146255557355
390,3,8,0,5,0,1,0.834167,0.441913,0.738333,0.237563,4958.755873278862
391,4,1,0,2,0,2,0.685,0.43055,0.374167,0.23695,5797.342137452397
392,3,3,0,0,1,1,0.324167,0.426737,0.635833,0.126237,4247.450143348006
393,4,10,0,0,0,2,0.256667,0.255042,0.703333,0.288783,2855.582766641709
394,3,1,0,6,0,1,0.5875,0.532821,0.52,0.146775,6681.1974495904715
395,2,6,0,2,0,2,0.573333,0.70265,0.626667,0.0908042,5763.572869172752
396,4,12,0,4,1,1,0.435,0.538533,0.491739,0.264925,5778.474834448232
397,1,10,0,6,1,1,0.545,0.453892,0.8575,0.17165,3876.6947263012034
398,4,5,0,5,0,2,0.37,0.503142,0.66875,0.169779,4574.036902553096
399,2,11,0,3,0,2,0.6675,0.294465,0.48,0.270529,5611.012277947429
400,1,4,0,2,1,1,0.805833,0.298422,0.467083,0.161079,4949.359977243007
401,4,1,0,3,1,3,0.711667,0.594704,0.687917,0.148017,5907.374782027862
402,1,5,0,4,1,2,0.325,0.665417,0.896667,0.27675,2412.2442367458784
403,4,12,0,4,1,1,0.608333,0.400118,0.605,0.180967,6196.799783124741
404,3,11,0,5,1,2,0.150833,0.431167,0.574167,0.138054,4187.02302877055
405,4,3,0,4,0,2,0.511667,0.590917,0.51,0.273629,5594.7268388865305
406,3,10,0,2,0,1,0.364348,0.353739,0.394167,0.162937,4332.372887579264
407,4,1,0,1,1,2,0.5225,0.486733,0.799167,0.156717,4830.835483150249
408,3,9,0,0,0,1,0.414167,0.542929,0.765833,0.357587,2943.672539647422
409,3,12,0,2,1,1,0.724167,0.523363,0.659583,0.185325,5879.068525230745
410,3,9,0,3,1,2,0.299167,0.256938,0.734583,0.0503792,2479.9378616164645
411,4,8,0,4,1,2,0.182222,0.804913,0.47,0.187192,4724.593654481181
412,3,12,0,1,0,1,0.68,0.444446,0.807917,0.228858,4619.1565147642195
413,1,8,1,3,1,1,0.2175,0.247479,0.603333,0.167283,1787.5988556378418
414,3,12,0,6,1,2,0.541739,0.400246,0.654583,0.247521,5395.119552126515
415,2,4,0,6,1,1,0.549167,0.676779,0.732917,0.219529,5200.386131881256
416,1,10,0,3,0,2,0.494167,0.657204,0.583333,0.207092,5825.931656074053
417,4,5,0,2,1,1,0.421667,0.258204,0.501667,0.1843,4378.745635271494
418,4,9,0,5,0,2,0.410833,0.294188,0.716667,0.1903,3590.2740658350217
419,3,10,0,1,1,1,0.455833,0.614921,0.57625,0.149883,5914.8781236680725
420,3,7,0,1,1,2,0.696667,0.356042,0.730417,0.226992,4189.585033094354
421,3,9,0,2,0,2,0.287826,0.372471,0.861667,0.207092,2186.667712196737
422,2,4,0,4,1,1,0.3425,0.2589,0.712917,0.174138,2386.445412833078
423,2,7,0,5,1,1,0.335833,0.2317,0.684167,0.141162,2302.6452225076237
424,4,8,0,4,1,1,0.713333,0.266412,0.45,0.378108,5862.191389609787
425,4,10,0,6,1,1,0.4,0.274621,0.49625,0.168533,4366.055919668321
426,3,6,0,2,0,1,0.3425,0.647959,0.815,0.293961,2814.625388441949
427,3,2,0,0,1,2,0.563333,0.720958,0.7575,0.1592,4811.514793627492
428,4,3,0,6,0,2,0.721667,0.555361,0.604167,0.201492,5921.738784711688
429,4,5,0,3,1,1,0.294167,0.662258,0.545417,0.215792,5062.6580027621085
430,2,11,0,4,1,1,0.720833,0.731079,0.49875,0.136817,6334.842000835824
431,2,6,0,5,0,1,0.410833,0.804287,0.444167,0.304659,4655.32247092963
432,2,4,0,4,1,1,0.445833,0.200133,0.69125,0.126548,4287.22383952543
433,4,10,0,6,1,1,0.604167,0.291671,0.540417,0.0690375,6540.374407231846
434,4,1,0,1,1,1,0.649167,0.663517,0.755,0.188433,4978.044612544428
435,1,2,0,1,0,1,0.343333,0.292908,0.755833,0.205717,2106.1057634582457
436,2,8,0,0,1,2,0.691667,0.662254,0.504167,0.203367,5910.837508119698
437,3,10,0,2,0,1,0.484167,0.436233,0.4575,0.159825,6170.293426017338
438,3,10,0,4,1,2,0.608333,0.641425,0.646667,0.200258,6071.177440412266
439,2,3,0,6,0,1,0.636667,0.575133,0.437826,0.136817,6478.442082804977
440,4,4,0,4,1,1,0.3625,0.74685,0.39625,0.376871,4863.224854149791
441,3,7,0,1,1,1,0.755,0.421696,0.45,0.131225,5865.106394746265
442,3,7,0,6,1,1,0.5125,0.637646,0.404583,0.188839,5813.1148229151395
443,3,3,0,5,1,1,0.258333,0.645854,0.694167,0.220775,3300.7808024383635
444,1,8,1,3,1,2,0.253333,0.517717,0.752917,0.189675,3092.0362847831548
445,2,2,0,3,0,2,0.715,0.413492,0.568333,0.169171,5398.178536768381
446,1,7,0,3,0,2,0.319167,0.338362,0.524583,0.240679,3326.4774824395345
447,1,6,0,3,0,1,0.724167,0.472858,0.354167,0.0827167,6260.636077169922
448,1,5,0,3,1,2,0.390833,0.565217,0.538333,0.178496,4373.541367481345
449,4,9,0,0,0,1,0.655,0.2424,0.91,0.187821,3336.812239958826
450,2,5,0,1,0,1,0.311667,0.254274,0.456667,0.171646,2845.0035659930154
451,4,12,0,6,0,1,0.3025,0.363625,0.697083,0.179117,3689.9971786946317
452,1,7,0,3,1,1,0.285,0.423596,0.570417,0.422275,3683.8045520104197
453,3,12,0,5,1,1,0.6575,0.281567,0.48375,0.223883,6250.944425216048
454,2,3,0,3,1,1,0.7525,0.594696,0.887917,0.0945333,3435.7490247972473
455,2,8,0,0,1,1,0.28,0.393925,0.482917,0.351371,4019.002899611871
456,4,6,0,5,1,1,0.5575,0.452637,0.970417,0.166054,3383.003678196378
457,2,3,0,1,0,1,0.640833,0.599754,0.677083,0.189067,5468.331468926223
458,2,11,0,4,1,3,0.779167,0.678038,0.825455,0.274246,4581.285904072705
459,1,7,1,3,1,1,0.313333,0.245717,0.305,0.284813,2341.8587866786347
460,2,3,0,4,1,3,0.186957,0.611121,0.7125,0.152992,3578.1624006640086
461,4,3,0,1,0,1,0.726667,0.409079,0.468333,0.14055,5731.284308248292
462,2,10,0,3,1,1,0.861667,0.405283,0.701667,0.257458,4515.516158927768
463,1,5,0,4,1,1,0.396667,0.692558,0.73375,0.212696,3228.9946925811796
464,3,6,0,2,1,1,0.568333,0.243058,0.444583,0.136212,5611.00323557138
465,2,2,0,4,1,1,0.389091,0.563125,0.577778,0.0584708,4768.286084791099
466,3,9,0,4,0,1,0.2875,0.53345,0.810417,0.295274,2885.0344112407583
467,3,3,0,0,0,1,0.781667,0.350371,0.5425,0.347835,5018.913296507419
468,4,10,0,0,1,2,0.254167,0.508204,0.612917,0.171025,4575.002016906154
469,2,7,0,0,1,1,0.54,0.537896,0.65375,0.123133,5757.572783388018
470,3,2,0,2,1,2,0.621667,0.380667,0.494167,0.200258,5591.615203923532
471,1,2,0,1,1,1,0.5925,0.29735,0.505833,0.270604,5077.720385708126
472,3,9,0,5,0,1,0.61,0.696979,0.554583,0.0684208,6844.421634083656
473,3,10,0,6,0,1,0.828333,0.337274,0.585,0.131221,5809.406969174959
474,1,5,0,1,1,1,0.458333,0.338363,0.667917,0.14055,4363.194422073314
475,4,9,0,4,0,1,0.271667,0.2197,0.755417,0.0926667,2737.905184658211
476,4,2,0,3,0,2,0.815,0.607975,0.712174,0.296037,4843.415333791705
477,1,9,0,4,1,1,0.8275,0.355413,0.373333,0.222021,5642.654744675809
478,1,5,0,5,1,2,0.34,0.637004,0.73125,0.1107,3647.518954449988
479,3,8,0,3,1,2,0.326667,0.582079,0.802917,0.209571,3000.0440537155764
480,1,7,0,1,1,1,0.776667,0.366252,0.545417,0.283583,5015.362344356427
481,1,10,0,3,1,1,0.265833,0.600383,0.695833,0.409212,3087.6296210235255
482,2,8,0,4,1,1,0.665833,0.323854,0.58,0.190308,5654.3973044178165
483,1,2,0,0,1,1,0.848333,0.594083,0.381304,0.217646,5425.0109711679215
484,1,10,0,1,0,2,0.681667,0.4394,0.686667,0.102,5595.063155413616
485,4,6,0,3,1,2,0.62,0.575158,0.602917,0.303496,5892.401990976216
486,4,6,0,6,1,2,0.330833,0.624388,0.5,0.136829,5198.592536106848
487,3,4,0,3,1,1,0.456667,0.654054,0.63625,0.16045,5246.477477023077
488,1,9,0,1,0,1,0.55,0.263892,0.649565,0.167912,4954.380110270311
489,2,7,0,1,0,1,0.361739,0.752542,0.775417,0.180975,3331.234369590262
490,2,4,0,4,1,1,0.376522,0.597862,0.744167,0.305362,3121.1946023640144
491,4,8,1,0,1,2,0.4375,0.270196,0.790417,0.258083,3511.9173608463043
492,2,11,0,2,1,1,0.611667,0.456429,0.67625,0.0827208,6277.904116424746
493,2,10,1,5,1,2,0.564167,0.212126,0.275833,0.421642,5519.252851631755
494,2,9,0,2,1,1,0.731667,0.296426,0.4,0.149879,5901.8189192856225
495,2,6,0,6,0,1,0.47,0.66605,0.91125,0.0845958,3406.3963983825042
496,4,11,0,6,0,2,0.231667,0.280933,0.578333,0.358196,3450.280847661021
497,4,2,0,6,0,2,0.484167,0.551763,0.50375,0.167908,5815.42026301216
498,1,2,0,6,1,1,0.599167,0.502513,0.73,0.231354,5269.715018118572
499,2,2,0,2,1,1,0.609167,0.515775,0.594348,0.208967,5592.872687671072
500,1,10,0,4,1,1,0.549167,0.594083,0.807083,0.350133,4923.219908666091
501,1,5,0,1,1,1,0.631667,0.5745,0.49125,0.295392,6118.965523626064
502,1,4,0,3,0,2,0.265833,0.264521,0.480417,0.141796,2931.069938040467
503,3,9,0,1,1,1,0.775833,0.720967,0.449583,0.249383,5691.159790863584
504,4,2,0,1,1,1,0.385833,0.327633,0.9725,0.233208,3047.9231020287893
505,4,1,0,0,1,3,0.268333,0.676154,0.8475,0.119408,3706.516854168239
506,2,8,0,3,1,1,0.7075,0.498725,0.734167,0.144283,5802.857906272982
507,3,1,0,2,1,1,0.385833,0.654042,0.829565,0.224496,3062.408544542623
508,3,1,0,5,1,2,0.216667,0.750629,0.590417,0.227612,3858.8877269266563
509,1,3,0,6,0,1,0.3575,0.459592,0.0,0.1505,4224.084235583407
510,1,2,0,1,1,1,0.804167,0.369938,0.470417,0.142122,5115.197558195547
511,4,6,0,3,1,1,0.266087,0.503146,0.74125,0.2133,3743.9979018075205
512,4,12,0,6,1,1,0.479167,0.529675,0.483333,0.225754,6528.111675656419
513,3,3,0,6,0,1,0.253333,0.347204,0.4225,0.15485,3786.0434153946503
514,3,11,0,0,1,1,0.621667,0.840896,0.774583,0.174129,5164.511258982495
515,3,3,0,5,1,1,0.346667,0.566288,0.519167,0.271775,4711.560033881941
516,3,1,0,5,1,1,0.423333,0.36693,0.636667,0.292296,3895.2571415873713
517,1,5,0,2,1,1,0.3425,0.544817,0.721667,0.230092,3152.53081701511
518,2,5,0,0,1,1,0.41,0.189405,0.775833,0.29385,1785.4013822540783
519,3,10,0,4,1,2,0.673333,0.369942,0.757083,0.169158,4722.070586088189
520,1,10,0,4,1,1,0.8225,0.425492,0.59875,0.108213,6248.621299808799
521,4,9,0,4,1,2,0.280833,0.578283,0.457083,0.206475,5223.217163350239
522,1,7,0,3,0,1,0.545833,0.467771,0.805833,0.248754,4512.91373872897
523,2,3,0,1,1,2,0.726667,0.23453,0.507917,0.140554,5172.0972727102735
524,2,9,0,0,0,2,0.374167,0.437488,0.752917,0.0988958,3509.1773668044884
525,4,6,0,6,1,1,0.715833,0.234217,0.634167,0.2444,5368.470711278337
526,2,11,0,1,1,2,0.399167,0.174875,0.758333,0.146763,2092.2967831503206
527,1,12,0,5,1,2,0.324167,0.635556,0.458333,0.260883,4192.062999068717
528,4,12,0,4,0,1,0.466667,0.241171,0.5075,0.1233,5562.095968327571
529,1,8,1,6,0,1,0.620833,0.546096,0.75375,0.264308,4762.211495648033
530,3,2,0,0,0,2,0.660833,0.594708,0.720417,0.122512,5408.146471708878
531,3,10,0,4,0,1,0.7075,0.150888,0.839565,0.04665,4783.005657900441
532,1,3,0,0,0,1,0.766667,0.794829,0.729583,0.156096,5114.152671617823
533,4,11,0,0,1,1,0.463333,0.609229,0.649583,0.235067,5238.920775203551
534,4,1,0,4,1,1,0.384348,0.326379,0.480833,0.175379,4904.497616965397
535,4,2,0,5,1,1,0.765,0.537896,0.542917,0.141179,6151.270776221634
536,4,11,0,2,1,1,0.361667,0.606067,0.568333,0.12065,5314.631138178668
537,2,3,0,2,0,2,0.83,0.317542,0.434167,0.220158,4824.665176320945
538,4,8,0,0,1,1,0.599167,0.650271,0.562083,0.220154,6009.312705895478
539,4,6,0,4,1,1,0.221739,0.522125,0.692917,0.116908,4371.436993097737
540,2,5,0,2,1,1,0.606667,0.643942,0.538333,0.229083,5994.747175349661
541,1,4,0,6,1,1,0.633333,0.558721,0.302174,0.0659292,6704.832912271818
542,1,10,0,6,1,2,0.224167,0.445062,0.68625,0.119412,3254.2013825009126
543,2,9,0,0,0,1,0.403333,0.667942,0.7575,0.261877,2970.2157862037075
544,4,12,0,5,1,1,0.686667,0.635733,0.408333,0.157975,6767.193212589529
545,3,8,0,3,0,1,0.728333,0.557471,0.858333,0.208954,3709.2147831640937
546,2,12,0,5,1,1,0.384167,0.305,0.694167,0.152992,2843.942516201916
547,3,6,0,5,0,1,0.5725,0.512621,0.465833,0.145525,6463.8788504182185
548,2,2,0,3,1,1,0.635833,0.497463,0.775417,0.155091,5394.5904255173655
549,4,10,0,1,1,1,0.649167,0.412237,0.507083,0.0783667,6332.800907160982
550,1,3,0,1,1,1,0.285833,0.707071,0.88125,0.131229,2827.312216550097
551,3,11,0,3,1,1,0.438333,0.702654,0.727083,0.125013,4947.113751639153
552,4,5,0,4,1,1,0.554167,0.601654,0.578333,0.253121,6230.3451791223415
553,2,6,0,4,1,2,0.741667,0.341529,0.492083,0.0783833,5808.276859084783
554,2,6,0,6,1,1,0.52,0.144283,0.646522,0.143029,4824.037103971121
555,1,8,0,0,0,1,0.261667,0.529675,0.493333,0.151121,4209.059594345799
556,3,6,0,1,0,1,0.5125,0.3024,0.477917,0.176617,5337.834853070141
557,3,7,0,4,0,1,0.560833,0.551804,0.620417,0.239465,5985.853625411353
558,3,11,0,0,1,2,0.303333,0.491783,0.905417,0.0454042,2920.6129102255913
559,2,1,0,1,1,2,0.6675,0.584608,0.741667,0.194017,4573.106233962491
560,2,5,0,0,1,2,0.34,0.65595,0.610417,0.206467,4198.8741466043175
561,4,2,0,3,0,2,0.565,0.520833,0.403333,0.203117,5882.915211662194
562,4,1,0,5,1,2,0.2,0.623125,0.63625,0.167304,4519.787231038306
563,3,3,0,3,0,1,0.7125,0.530296,0.71625,0.180975,5505.698634277956
564,4,4,0,6,1,1,0.635,0.377513,0.844167,0.195267,4481.628325479614
565,3,7,0,2,1,2,0.6025,0.739263,0.747917,0.091425,5463.586550263631
566,3,1,0,2,1,1,0.224167,0.428012,0.770417,0.113192,3307.3016818902815
567,2,8,0,2,1,2,0.314167,0.611121,0.8825,0.184092,2712.0349444995263
568,2,10,0,1,1,2,0.65,0.303658,0.806667,0.24815,3846.9429923800035
569,3,2,0,4,0,2,0.4525,0.672992,0.640417,0.0621958,5555.775199086873
570,4,9,0,3,1,1,0.26,0.598487,0.580833,0.253108,4737.884209976697
571,2,8,0,2,0,3,0.716667,0.321958,0.436522,0.334571,5273.275717051863
572,3,2,0,2,1,2,0.7625,0.286608,0.390417,0.08085,5381.7987168719865
573,3,8,0,4,0,1,0.719167,0.489258,0.599545,0.22575,6139.59366821765
574,2,9,0,3,1,2,0.53,0.284075,0.718333,0.0920542,4997.444295136307
575,3,5,0,1,1,2,0.315,0.724121,0.790833,0.125621,3564.7191668406854
576,3,5,0,0,1,2,0.395833,0.684987,0.3175,0.208342,4609.719321248843
577,1,8,0,3,0,1,0.6925,0.548617,0.436957,0.36195,6257.42100742401
578,4,9,1,4,1,1,0.134783,0.599133,0.497917,0.148629,5065.16256727269
579,3,5,0,2,0,1,0.680833,0.615542,0.424167,0.0528708,6272.319698908056
580,2,12,0,4,1,2,0.6975,0.595975,0.722917,0.314063,5219.177215315811
581,4,9,0,6,1,1,0.4775,0.232333,0.407083,0.13495,5852.301638287363
582,1,6,0,5,0,2,0.476667,0.577021,0.760833,0.398008,4404.795654284179
583,3,8,0,3,1,2,0.633913,0.607962,0.650417,0.190304,5757.324142246284
584,1,11,0,1,1,2,0.506667,0.525892,0.587083,0.185312,5810.416812557224
585,2,7,0,5,1,2,0.425,0.702038,0.709583,0.134342,4221.192623043723
586,3,4,0,0,0,1,0.325833,0.551121,0.523333,0.189062,4696.489861912806
587,1,6,0,3,1,1,0.498333,0.614925,0.684583,0.112562,5786.530637944921
588,2,12,0,2,0,1,0.69,0.637629,0.6675,0.206479,5755.373320347464
589,3,1,0,6,1,1,0.723333,0.249371,0.62375,0.141804,5287.566004662261
590,2,1,0,6,0,1,0.2825,0.665429,0.925,0.346539,2479.714472202678
591,3,12,0,6,1,1,0.768333,0.638267,0.41,0.127839,6430.582708240156
592,4,12,0,1,1,1,0.275,0.757579,0.6475,0.121271,4918.70085144284
593,2,3,0,3,0,1,0.281667,0.532192,0.506364,0.342046,4422.756995867255
594,2,2,0,3,0,2,0.4625,0.603554,0.685,0.106354,5464.87179171579
595,1,11,0,6,1,1,0.290833,0.311221,0.637083,0.182213,2838.678064289283
596,1,10,0,3,0,1,0.4425,0.326383,0.90625,0.124379,2974.3533275256136
597,3,8,0,0,0,1,0.540833,0.523983,0.187917,0.209579,6148.935740484642
598,3,1,0,2,0,1,0.393333,0.578925,0.435,0.115062,4874.393195469273
599,2,10,0,3,0,1,0.775,0.612379,0.492083,0.207721,6207.783021728458
600,1,1,0,0,1,2,0.656667,0.549912,0.532917,0.415429,5760.0839306469625
601,1,8,0,4,1,1,0.343333,0.703283,0.805833,0.211454,3084.337651698724
602,4,8,0,4,0,1,0.649167,0.591546,0.314348,0.134954,6625.50004850903
603,1,2,0,3,0,3,0.456667,0.475383,0.634167,0.146142,4862.952940275102
604,1,3,0,0,0,2,0.783333,0.385668,0.624583,0.240667,4629.312896543344
605,1,9,0,4,1,2,0.428333,0.654688,0.662917,0.147392,4113.496292232902
606,4,6,0,2,1,1,0.321667,0.289762,0.503333,0.0739826,4440.225397649377
607,1,11,0,2,1,1,0.336667,0.550512,0.590435,0.124379,4277.163694730246
608,3,9,0,6,0,1,0.318261,0.226642,0.827083,0.215171,1876.943749812523
609,1,7,0,1,0,1,0.685,0.356063,0.485,0.199633,5535.020160872748
610,2,9,0,2,1,1,0.3825,0.633221,0.53125,0.148642,4975.947019987609
611,4,5,0,2,1,2,0.373333,0.305554,0.67125,0.117546,4303.626509173613
612,3,3,0,5,1,2,0.673333,0.426121,0.540833,0.335825,5789.342051198119
613,3,5,0,0,1,1,0.648333,0.693833,0.692174,0.222633,5130.9293273055655
614,4,9,0,4,1,2,0.4375,0.263879,0.596667,0.249375,4489.910953469954
615,2,1,0,5,1,1,0.1625,0.565654,0.68875,0.225117,3244.001340146239
616,3,11,0,6,1,2,0.665833,0.739275,0.682917,0.342667,5680.612296889845
617,1,6,0,1,1,1,0.265,0.554292,0.761667,0.116908,3213.5498730288205
618,4,9,0,0,1,2,0.424167,0.252304,0.895217,0.225129,2652.53838349627
619,1,3,0,5,1,2,0.381667,0.490122,0.666667,0.216425,3529.35622916353
620,4,3,0,3,1,1,0.615,0.690667,0.666667,0.172262,5505.264714699788
621,1,5,0,1,1,1,0.7425,0.381938,0.70375,0.205854,4264.065466077655
622,1,9,0,0,0,1,0.366667,0.378767,0.515417,0.210829,3564.60236260821
623,1,7,0,3,1,1,0.218333,0.445696,0.567917,0.0771167,3827.3093528634467
624,4,7,0,2,1,2,0.75,0.643313,0.8625,0.0733958,4014.0286976424154
625,2,7,1,6,0,2,0.706667,0.595346,0.722917,0.149883,5740.122105367423
626,4,7,0,5,0,1,0.169091,0.601025,0.423043,0.236321,4625.133673777062
627,4,7,0,5,1,1,0.264167,0.464,0.549167,0.0665458,4927.521633878724
628,2,8,0,0,1,2,0.380833,0.220333,0.768333,0.220775,1895.4869705169008
629,2,5,0,1,1,1,0.494167,0.715292,0.647917,0.328996,4826.187524562461
630,2,12,0,4,1,1,0.295652,0.391396,0.740833,0.0772304,2937.789242861572
631,1,4,1,5,1,1,0.514167,0.637008,0.71875,0.304627,5144.19175799991
632,3,3,0,2,0,1,0.196522,0.318812,0.567917,0.129987,3127.42266231247
633,3,11,0,4,1,2,0.676667,0.625646,0.454167,0.143042,6415.38393092069
634,1,7,0,6,1,1,0.384167,0.255046,0.734583,0.258708,1982.331172679911
635,4,4,0,1,0,1,0.593333,0.332,0.395833,0.172896,5646.595605188399
636,2,9,0,0,0,1,0.329167,0.436229,0.80875,0.203346,2993.752642943851
637,4,2,0,3,1,2,0.589167,0.162254,0.58625,0.143667,5436.400966162684
638,3,10,0,4,1,1,0.458333,0.664158,0.634583,0.243339,5458.017948163974
639,2,10,0,4,1,1,0.420833,0.345317,0.504348,0.0895583,4544.866505797436
640,1,11,0,5,1,1,0.6,0.342162,0.741739,0.133083,5041.10797356864
641,2,8,0,6,1,2,0.653333,0.11793,0.379167,0.163554,5532.472532481769
642,4,4,0,2,1,1,0.426667,0.659721,0.697083,0.388067,3970.242385575526
643,2,5,0,6,1,1,0.583333,0.249362,0.6775,0.157346,5080.451944914634
644,4,11,0,0,1,1,0.561667,0.654037,0.544167,0.193417,6520.535652065013
645,1,9,0,1,1,1,0.710833,0.667933,0.536667,0.137442,6682.599846329237
646,4,9,0,0,1,1,0.5625,0.542333,0.635833,0.248309,6475.293504622802
647,1,6,0,4,1,1,0.295833,0.248112,0.65375,0.240058,1882.4341216390385
648,4,1,0,5,0,1,0.295833,0.380091,0.74125,0.118787,3960.176857108297
649,2,3,0,6,0,2,0.771667,0.466525,0.579583,0.125248,5846.634234728625
650,1,9,0,1,1,1,0.334167,0.250339,0.506957,0.176617,2615.002952602669
651,3,9,0,6,0,1,0.6575,0.654688,0.507826,0.118792,6831.723598078949
652,3,4,0,1,1,2,0.6925,0.490537,0.747083,0.347642,4145.979724968276
653,3,10,0,4,0,2,0.330833,0.546737,0.318333,0.166667,4895.368632262842
654,1,8,1,5,1,1,0.6125,0.431808,0.5375,0.24005,6581.978806104472
655,2,12,0,2,0,2,0.7825,0.387608,0.69625,0.251871,4408.237300707825
656,4,2,0,0,1,1,0.631667,0.720975,0.646667,0.251791,5194.301541169249
657,1,8,0,1,0,1,0.298333,0.542921,0.434167,0.4148,3965.660908317291
658,4,9,0,6,0,2,0.6125,0.415383,0.577083,0.117562,6471.683568228008
659,2,2,0,1,1,2,0.2175,0.433071,0.739167,0.187192,3036.9018954008
660,3,12,0,6,1,1,0.649167,0.301125,0.585833,0.181596,6159.1963402072315
661,2,8,0,6,1,1,0.710833,0.654054,0.59125,0.31965,5943.549399171356
662,4,7,0,2,1,1,0.720833,0.667308,0.58875,0.353242,5841.03936422777
663,2,7,0,6,1,1,0.68,0.4943,0.587083,0.083975,6482.660737724835
664,1,5,0,4,1,1,0.216522,0.538529,0.50625,0.15735,4054.3003761253995
665,1,12,0,0,1,2,0.440833,0.377504,0.580417,0.192175,4260.171944617978
666,4,2,0,6,0,1,0.2825,0.540404,0.71,0.290421,3889.066735100522
667,2,8,0,5,1,1,0.56,0.412246,0.672917,0.129979,5535.889267075203
668,2,8,0,5,1,1,0.37,0.190663,0.48875,0.134337,2828.641222649361
669,2,1,0,3,1,1,0.245833,0.654688,0.82125,0.235092,2783.3748753226423
670,1,8,0,5,1,2,0.3325,0.4558,0.59,0.223235,3812.2842877054554
671,1,5,0,4,0,1,0.838333,0.640792,0.7275,0.213009,5116.587987650842
672,4,5,1,5,0,1,0.414167,0.544842,0.871667,0.0640708,3825.3800241894764
673,1,11,0,3,1,2,0.755833,0.703292,0.743043,0.223258,4897.425440228891
674,3,1,0,0,0,3,0.41,0.522721,0.524167,0.195279,4668.551919752927
675,3,11,0,4,0,1,0.220833,0.359208,0.577083,0.343943,3345.9393470601367
676,4,1,0,6,1,3,0.635,0.727279,0.813333,0.182833,5082.923950514727
677,3,7,0,6,1,1,0.295833,0.684983,0.548333,0.307833,4471.041041243011
678,3,4,0,3,0,1,0.484167,0.227913,0.652917,0.268042,4258.21716340155
679,1,1,0,5,0,1,0.710833,0.318178,0.829583,0.230721,4025.017651487222
680,3,11,0,1,0,1,0.3325,0.233209,0.823333,0.152987,2113.3764566061186
681,1,12,0,4,1,1,0.616667,0.574525,0.524583,0.300388,6974.482485978818
682,1,9,0,1,1,1,0.430833,0.315637,0.447083,0.0727708,3548.3361255208365
683,4,9,0,5,1,2,0.66,0.584612,0.8625,0.107588,4033.063035099414
684,2,8,0,5,1,2,0.6025,0.450121,0.650417,0.182842,5848.1448748305575
685,1,9,0,2,1,1,0.325,0.492425,0.52,0.182221,4487.255240985221
686,4,1,0,2,1,2,0.211304,0.176771,0.479167,0.199625,3048.7375798408875
687,4,9,0,5,1,1,0.226957,0.589042,0.876364,0.243167,2880.0495408078987
688,3,4,0,3,1,1,0.644348,0.308075,0.707083,0.307846,4390.878835961906
689,3,3,0,1,1,1,0.430435,0.400871,0.708333,0.146767,3410.7445175929106
690,4,12,0,4,1,2,0.580833,0.262625,0.51875,0.250617,6016.303491705377
691,2,7,0,3,0,1,0.769167,0.671092,0.81,0.166658,5328.9885633632275
692,3,10,0,1,1,2,0.635,0.448204,0.419167,0.168537,6447.081284088596
693,1,11,0,1,1,2,0.805833,0.505046,0.579583,0.192748,5795.817123082726
694,2,12,0,6,0,1,0.581667,0.340267,0.400833,0.194029,6284.930038294509
695,4,6,0,0,1,2,0.535,0.403392,0.685833,0.0901833,5236.560886692531
696,4,12,0,4,0,2,0.365217,0.643325,0.552083,0.214558,4985.148342183147
697,1,11,0,6,0,2,0.265833,0.524612,0.8725,0.146775,2883.3421972337187
698,2,11,0,2,1,2,0.4475,0.268308,0.690833,0.206471,3982.0754299934424
699,3,1,0,2,1,1,0.243333,0.330162,0.600417,0.266175,3135.898685559521
700,3,5,0,3,0,2,0.238333,0.585867,0.615417,0.053213,4171.751384185833
701,2,8,0,2,1,1,0.446667,0.339004,0.830833,0.290429,3553.4805788089316
702,3,9,0,1,0,1,0.680833,0.575142,0.835833,0.15735,4983.439979138255
703,3,3,0,1,1,1,0.233333,0.580187,0.469565,0.0970208,4366.141766214205
704,3,4,0,5,0,1,0.383333,0.40465,0.72,0.0814792,3089.937153916638
705,1,3,0,5,1,1,0.28087,0.469054,0.9,0.192167,2676.0364193184378
706,3,7,0,6,1,1,0.775,0.572637,0.5675,0.178483,6129.264346746358
707,2,10,0,0,1,2,0.725,0.257583,0.75375,0.417908,3892.570689187887
708,2,6,0,0,0,2,0.699167,0.373721,0.735417,0.1418,4439.429890578908
709,3,12,0,4,1,1,0.233333,0.527158,0.560833,0.146142,4426.183063985803
710,4,4,0,5,0,1,0.395,0.655329,0.470833,0.0820917,5163.453712181926
711,3,1,0,1,0,1,0.708333,0.349108,0.569167,0.161071,5536.567046238064
712,3,1,0,3,0,1,0.521667,0.621858,0.659167,0.176,5484.308588380354
713,4,7,0,6,1,1,0.316667,0.294821,0.597917,0.281721,3954.378985999703
714,3,7,0,4,1,1,0.719167,0.679937,0.457083,0.329665,5820.424630052862
715,4,7,0,6,0,3,0.348333,0.530304,0.527391,0.0839625,5154.928396828602
716,1,9,1,4,1,1,0.520833,0.689404,0.698333,0.057225,6210.138931278406
717,2,8,0,5,0,1,0.274167,0.513242,0.457391,0.160446,4563.245801655633
718,2,5,0,2,1,1,0.628333,0.607975,0.595417,0.0454083,6222.30382562373
719,3,6,0,3,1,2,0.573333,0.645837,0.631667,0.179108,5540.699577397878
720,2,6,0,4,0,1,0.348696,0.34847,0.31125,0.125629,4265.0241167112445
721,2,3,0,6,1,1,0.75,0.256312,0.73625,0.138067,4907.715380040695
722,4,7,0,5,0,2,0.356667,0.463375,0.641667,0.176625,4761.369700290004
723,2,12,0,6,0,1,0.514167,0.643954,0.715833,0.12065,5896.986821782335
724,2,12,0,1,0,1,0.343478,0.675525,0.77,0.229475,3115.8204932880267
725,3,8,0,1,0,1,0.736667,0.422333,0.620833,0.115062,5836.338353796479
726,2,10,0,5,1,2,0.459167,0.335217,0.443333,0.251258,5410.600745465839
727,1,11,0,3,1,1,0.606667,0.664796,0.575833,0.135583,6643.208390409915
728,1,3,0,0,1,1,0.165,0.417287,0.581667,0.303496,3068.15836789563
729,3,10,0,6,1,1,0.749167,0.633213,0.638333,0.129354,6608.408137293302
730,2,10,0,0,0,2,0.733333,0.273391,0.493913,0.102608,5738.1764731862495
